onceki_x,onceki_y,gercek_translation_x,tahmin_translation_x,gercek_translation_y,tahmin_translation_y
7.40606295602821e-10,-2.52145710119162e-10,4.862970014124596e-12,-34.58073342681448,8.692077211683779e-12,-0.008915978772810314
-0.0073929141498766,-0.0167766798450729,-0.0039639900631643,-34.58073342681448,-0.0041655658182415,-0.008915978772810314
-0.0147858292257154,-0.0307696497446026,-0.006295290332502,-34.58073342681448,-0.004277240087963,-0.008915978772810314
-0.0221787444885616,-0.0419541028624421,-0.0112055123712974,-34.58116404291342,-0.0017208754088086,-0.008915978772810314
-0.0295716598605215,-0.053138555879968,-0.014236149093973,-34.58116404291342,-0.0016555314266739,-0.008915978772810314
-0.0369645754225564,-0.0615641062772754,-0.0143288268227711,-34.58116404291342,-0.001675098588243,-0.008915978772810314
-0.0443574911792941,-0.0671563327895381,-0.0143118662222923,-34.58116404291342,-0.0016573810779871,-0.008915978772810314
-0.04442308115754,-0.0727485594337485,-0.0143386074002664,-34.58116404291342,-0.0016212517130983,-0.008915978772810314
-0.0444230813129326,-0.0783407862122883,-0.0152544096963288,-34.58116404291342,-0.0011885155535793,-0.008915978772810314
-0.0444230815204307,-0.0839330131300169,-0.0164646957605971,-34.58116404291342,-0.0002611524211978,-0.008915978772810314
-0.0444230814166275,-0.0784896287943747,-0.0161813144855743,-34.58116404291342,0.0001657360744381,-0.008915978772810314
-0.0480047568127368,-0.075606690672641,-0.0189891868502005,-34.58116404291342,0.0057945569171902,-0.008915978772810314
-0.0553976722645614,-0.0756066909447719,-0.0210998083932906,-34.58116404291342,0.0074257628715009,-0.008915978772810314
-0.0482671161959757,-0.0810996896433243,-0.0279640898853269,-34.58116404291342,0.0095165458553107,-0.008915978772810314
-0.0302275592435448,-0.0893763976816021,-0.0315798585442966,-34.58183288233405,0.0104859095363377,-0.008915978772810314
-0.0006558976477906,-0.1005608504656955,-0.0389958127813673,-34.58183288233405,0.0100086846606889,-0.008915978772810314
0.0578315280394469,-0.1117453028252503,-0.0417700236205401,-34.58183288233405,0.0100417345447362,-0.008915978772810314
0.1310391947059807,-0.1255894289680389,-0.037588784007053,-34.58183288233405,0.0089326317236627,-0.008915978772810314
0.2197541807726273,-0.1423661068278089,-0.0183315608365884,-34.581214724641036,0.0057283730362167,-0.008915978772810314
0.344449895911543,-0.1591427826957552,0.0200344176967398,-34.57586673727662,0.0004266036694771,-0.008915978772810314
0.4945124938361877,-0.1785543248133831,0.0756130159461031,-34.55731267678802,-0.0092973575866273,-0.008915978772810314
0.6719424656386339,-0.2009232252777622,0.1486681172573199,-34.53394181962816,-0.0203079749785142,-0.008915978772810314
0.8995158930020644,-0.2287106983110103,0.2505463588831604,-34.50051772039434,-0.0351299403452821,-0.008915978772810314
1.1563002386036263,-0.2592818780487084,0.3806205643782027,-34.46023688710901,-0.0520513063340905,-0.03822792032870678
1.4446239429920484,-0.2928352209280894,0.5448159949286324,-34.40886883121226,-0.0722551043258517,-0.03822792032870678
1.789992094810622,-0.3317823256662074,0.7417210774143965,-34.340924156318685,-0.0957081069090721,-0.07874661468260413
2.168218430376247,-0.3760983868909276,0.9740571341075016,-34.27680776709941,-0.154098625095482,-0.12292131134966086
2.582221699106699,-0.4264283882259954,1.243662867089285,-34.16882928127426,-0.1852800384762851,-0.15880096506536165
3.053007048208892,-0.4821273367042951,1.5398578427921783,-34.09432233870423,-0.2411998543559244,-0.23038553476240373
3.553232884947164,-0.5431704305837567,1.8921985018365035,-33.96267729100885,-0.2858880277765677,-0.2782420502938172
4.0855228055725945,-0.6102770743139122,2.3144088615531047,-33.84622419906736,-0.3309878359739512,-0.31058670743524114
4.674332455528633,-0.6827278503127318,2.7510564028355606,-33.70924166082908,-0.3789550348101977,-0.31058670743524114
5.289230471419704,-0.7579623215602396,3.229200132354408,-33.54029441413846,-0.4291260352287764,-0.4979086100093961
5.932414112817104,-0.8362533643650656,3.7551108481233855,-33.34467149058113,-0.4870618516657437,-0.4979086100093961
6.624822957495658,-0.91986372459554,4.306827943081774,-33.23082854071693,-0.5641415177304822,-0.5548300549771451
7.339672911117345,-1.0062577765736662,4.903744047151287,-32.990109161916436,-0.6303385788392819,-0.6030499180385729
8.078964465126663,-1.095733203237524,5.535565859802813,-32.84017784440575,-0.7024896405657227,-0.6769235079242681
8.853252890367733,-1.1905031317737769,6.193348061701345,-32.51841507689792,-0.7814789188764198,-0.7625385496263968
9.645941618891843,-1.2880567475444582,6.888521095631897,-32.43583144977386,-0.8579298189321127,-0.8092975417368125
10.459162322696605,-1.388716539872586,7.547282782660644,-32.062893826577564,-0.9216806463858288,-0.8529681547599604
11.30721594831516,-1.494646020371936,8.334720523606885,-31.967635714328644,-0.9967594160519028,-0.8529681547599604
12.17041615028644,-1.598436757610385,8.245753622989042,-31.967635714328644,-0.643438830505951,-0.760298430824764
13.05017310995503,-1.6990964667882962,8.412020548497832,-31.963704993748497,-0.795295189918739,-0.760298430824764
13.943797654148046,-1.810245972685928,9.310388833397472,-31.528964100110723,-1.0277495319000889,-1.0289015790156246
14.851224185893448,-1.92209005203704,10.00507081563193,-31.23396748699121,-0.8892986353385642,-1.0289015790156246
15.775338659890368,-2.0339341039359105,10.37275455894778,-31.224118006643856,-0.9469913138814036,-1.0289015790156246
16.713255105751216,-2.1405580029149665,10.984006253815814,-31.016218610645492,-0.9772256054475552,-1.0289015790156246
17.655343554284098,-2.249221373599707,11.933575248493602,-30.747990621073637,-1.0216196493204648,-1.0289015790156246
18.60163680731804,-2.361065337052186,12.626774289375293,-30.747990621073637,-0.9966192447346668,-1.0289015790156246
19.54793005661096,-2.4729092594972566,13.560949122526395,-30.09017889017682,-1.0925682840292923,-1.0997038576356726
20.497378654354627,-2.5847531595665187,14.430715436038207,-29.778993075083502,-1.083801475073325,-1.0997038576356726
21.451064836258983,-2.696597033792856,15.336210191384174,-29.71892375537611,-1.1963208452619876,-1.1817844016052772
22.404751020337404,-2.8084408675625627,16.061644342974095,-29.71892375537611,-1.2024553662033468,-1.1817844016052772
23.36155976677063,-2.920284680069996,16.55986276324487,-28.945395367009702,-0.9965106168974296,-1.1817844016052772
24.322638903938675,-3.0321284680120284,17.68590254033898,-28.945395367009702,-1.1834731627071295,-1.1817844016052772
25.28371802540948,-3.143972212354097,18.27337643140006,-28.505195299283248,-1.3292882334548834,-1.1817844016052772
26.24788691946257,-3.253478762277853,18.813693784740515,-28.505195299283248,-1.1877847575558995,-1.1817844016052772
27.216359008918165,-3.3597302559497435,19.736987395305952,-28.41692410402063,-1.2040769470369432,-1.1817844016052772
28.178061321430377,-3.4711025894485243,20.644904185970503,-27.70306817996984,-1.3379615655153556,-1.2276320079814895
29.139140513426064,-3.580633866743913,21.54277234110669,-27.637932045412693,-1.42627297545533,-1.2276320079814895
30.10021967713945,-3.6868852768619393,22.42849714138233,-27.58902009871874,-1.5439036673899482,-1.620907488732615
31.06803592944693,-3.793136652439386,23.103325132225137,-26.928141364306146,-1.6380960630767964,-1.620907488732615
32.03650810307676,-3.901675566712214,23.572949018588425,-26.928141364306146,-1.397597539765826,-1.5180286154923337
33.00498029926824,-4.01351910216124,24.303122384440467,-26.91231134984199,-1.4338569801523704,-1.5180286154923337
33.97345242702784,-4.125362588682574,25.078022117231384,-26.376723273975404,-1.4657374283414728,-1.5180286154923337
34.93893320475491,-4.232680557181079,25.863643066942945,-26.19352384935851,-1.3599084865713915,-1.5180286154923337
35.90001246838463,-4.333339607182462,26.602632395257785,-25.996832996895026,-1.2152799776135996,-1.5180286154923337
36.85442030674572,-4.4390450697222485,27.455086693122094,-25.721758772710384,-1.4292183830723406,-1.533288027013856
37.80810666991861,-4.545296266638615,28.212640144893147,-25.483051555976477,-1.480359166342598,-1.533288027013856
38.761793052903855,-4.651547440632137,28.893919167826223,-25.272785759812592,-1.5181919124727117,-1.5909921860190797
39.7022022395017,-4.757798593908463,29.27099302093569,-25.15503824463557,-1.7256282941240215,-1.7324082279045367
40.63232548455702,-4.864049728241612,30.156074541882877,-24.878884358347186,-1.7866085932905174,-1.81812394328905
41.549047234163936,-4.970300837245888,31.10267388451185,-24.59826676429206,-1.943754456743404,-1.9420651665690762
42.465769139448,-5.071555101942949,31.99473681455448,-24.158004174838506,-1.9943261336090796,-1.9420651665690762
43.37381207377089,-5.174402310032758,32.81138096395652,-24.102745453964207,-2.118052139429357,-2.163446314605602
44.26835513858075,-5.280653362250748,33.58279040397394,-23.624310954615574,-2.2317285214822893,-2.224170803597579
45.149752288315405,-5.3819323916581805,34.43388914996392,-23.603915157163346,-2.3298176590396507,-2.224170803597579
46.01806891205542,-5.482591235555544,35.50334795233053,-23.056853824708636,-2.470325585220973,-2.224170803597579
46.86825453776412,-5.583250061065125,36.31655016635168,-22.784586410688796,-2.599108945038813,-2.781377993055104
47.69881956408084,-5.688856097485101,37.031562117770456,-22.65674467277185,-2.661979485514616,-2.781377993055104
48.51268957780498,-5.792968392907706,37.75197342732748,-22.47201927565366,-2.774250332498023,-2.781377993055104
49.30373186663701,-5.893627194004987,38.52552342421736,-22.47201927565366,-2.86166471285178,-2.9449011896494737
50.0687444363554,-5.989363597510762,39.43389078656634,-21.659984562050198,-2.8891730195028837,-2.9449011896494737
50.81903674378839,-6.08231630573225,40.21434324072183,-21.659984562050198,-3.021133431061584,-2.9641745034885063
51.55093572237181,-6.171790721101456,40.9713558476301,-21.629993992502303,-3.150151743338545,-2.9641745034885063
52.25693610929792,-6.2563675473233245,41.57145403758123,-20.791124228039802,-3.248649884198068,-2.9641745034885063
52.95097805455416,-6.338160681880107,42.29930440663812,-20.75304414690494,-3.323441502340736,-2.9641745034885063
53.63112664623004,-6.41645072217322,43.01164238923655,-20.741450534755327,-3.485879421940224,-3.815615125967501
54.27906581407211,-6.489867974715451,43.725435960737066,-20.741450534755327,-3.5992219121856763,-3.815615125967501
54.91679172656904,-6.560501541001268,44.336365625295386,-20.020332492252734,-3.730183560046236,-3.815615125967501
55.54518989270305,-6.627607216631404,44.99568347220605,-20.020332492252734,-3.73942978161256,-3.815615125967501
56.147951703285976,-6.6947128910282565,45.34406460279411,-19.9531031831252,-3.903914377564967,-3.815615125967501
56.74677811685613,-6.761818560013877,45.90377801143296,-19.796521849006584,-4.070541828170248,-4.080144806543905
57.345604545136496,-6.828924219903113,46.489769799676274,-19.56832921105041,-4.178304507805546,-4.288720633676382
57.92530210903601,-6.891206710037747,47.139018202902136,-19.454304175406744,-4.216904595367057,-4.288720633676382
58.49662288163884,-6.952720184063059,47.60603240538908,-19.433417025971288,-4.331539669476663,-4.288720633676382
59.05848462183784,-7.014233654059343,48.24442351447309,-18.79710105667798,-4.47205985787239,-4.462576816067302
59.607659345458,-7.080545476833055,48.74505633495054,-18.772765728173784,-4.524820167774642,-4.462576816067302
60.15210459211279,-7.143671387086054,49.28400334472707,-18.772765728173784,-4.553941808017666,-4.462576816067302
60.691787602500405,-7.19959267193748,49.83619268684426,-18.466594926790584,-4.554159924311147,-4.462576816067302
61.21253850207659,-7.255513957063994,50.33330080015299,-18.466594926790584,-4.593968749422051,-4.462576816067302
61.73004268510974,-7.311435237652834,50.8425479920759,-17.978223416461393,-4.616713819830293,-4.834907153959687
62.24754685500704,-7.367356509778927,51.384346749431536,-17.978223416461393,-4.675651570572047,-4.834907153959687
62.75877307481954,-7.418529025755556,51.888190082650034,-17.971209505371984,-4.735690016225201,-4.834907153959687
63.27144934828021,-7.46885810666456,52.37480317142118,-17.548120897782734,-4.796295371249098,-4.834907153959687
63.78895361784392,-7.519187188940193,52.90529322900781,-17.530211380611355,-4.900450600018481,-4.9267519862581155
64.29396763176439,-7.569516266945688,53.37129571668172,-17.338902611100814,-4.966216686280156,-4.937681222661035
64.79668600631855,-7.617929898468966,53.90172903910266,-17.18497096744967,-4.953099612735898,-4.937681222661035
65.2994044173872,-7.662666795651753,54.49251003280926,-17.01465701702896,-5.246273454242108,-5.279599609487308
65.80212274198203,-7.712102803313491,54.92213393482023,-16.874679064830392,-5.279680902738768,-5.279599609487308
66.29984217798936,-7.760541220753511,55.475470166754064,-16.641297690404567,-5.3103952987966245,-5.279599609487308
66.78777469372599,-7.805278106706881,56.00349937197576,-16.606895723636317,-5.326424953986917,-5.279599609487308
67.26952759772587,-7.854689300704971,56.48711433250253,-16.295120879926614,-5.331080148502526,-5.279599609487308
67.7500670863601,-7.901286684729499,56.99374620852891,-16.295120879926614,-5.388542831633718,-5.279599609487308
68.23060661220065,-7.940431377843329,57.43640477118249,-15.959051818979074,-5.413649680684911,-5.571217264073586
68.69885269888087,-7.984225588672468,57.79481105834565,-15.959051818979074,-5.51711151971647,-5.571217264073586
69.1646063584801,-8.02896245706617,58.27093441163284,-15.940592251570326,-5.565114736810636,-5.571217264073586
69.63036000330469,-8.073699317714182,58.72698585221763,-15.448920531401278,-5.606620151627064,-5.571217264073586
70.08388582872725,-8.118436186531536,59.216928161392296,-15.432053207648682,-5.673548763455525,-5.700736749126202
70.53485359666114,-8.163173047985058,59.66863464149649,-15.307334974511528,-5.674591170610663,-5.700736749126202
70.98582125255719,-8.207909890575964,60.02555813947778,-15.285399110346162,-5.668399834531451,-5.700736749126202
71.4307078288358,-8.252646737855157,60.48840951408413,-15.249209440997486,-5.734952107755364,-5.7420531851623
71.87191435562993,-8.297383586652279,60.94160300886541,-14.741108624165642,-5.778665747736589,-5.7420531851623
72.30809623508793,-8.342120436524215,61.31074344880948,-14.721228110206848,-5.775633900900821,-5.7420531851623
72.73822971467143,-8.382282187922515,61.70961510809912,-14.67036786417724,-5.815407514234586,-5.850148459264021
73.1646831020238,-8.423193457096064,62.09370686374,-14.67036786417724,-5.935993238555289,-5.95212469648777
73.58607900955207,-8.467930292552046,62.58036560708184,-14.245961078708751,-6.002300897941106,-5.95212469648777
74.00145944671706,-8.50811685328545,63.02626848111522,-14.244078710391154,-5.921750176116714,-5.95212469648777
74.41546251092957,-8.54726152663414,63.42851995609835,-14.169253405297454,-5.927179150468337,-5.95212469648777
74.82946557757955,-8.586406195448838,63.85825292166052,-13.920066571565963,-5.989343281916609,-5.96554264740639
75.23748578573796,-8.625550851972852,64.22242982276151,-13.89812266948914,-5.944026883066157,-5.96554264740639
75.64409585630085,-8.661261538311312,64.55542878743233,-13.709482339309506,-5.9869268337147945,-5.96554264740639
76.05070609423012,-8.68922187742581,64.89979205987616,-13.635433118120874,-5.9774971839895255,-5.96554264740639
76.4513661834519,-8.72168286284901,65.21263215531152,-13.611092941843477,-5.977542540623471,-5.96554264740639
76.85058332320757,-8.755235351026418,65.5571855218722,-13.594533547926652,-5.934467706974031,-5.96554264740639
77.24980064440028,-8.788787856325415,65.89418099941389,-13.594533547926652,-5.986253536571924,-5.9829768038979605
77.64901776023669,-8.822340333983753,66.27207341232565,-12.897824335400545,-6.062764546981039,-6.053709419756377
78.04823487688957,-8.857560181577288,66.73932677779874,-12.897824335400545,-6.065825777170044,-6.0615472715073055
78.4474521160233,-8.896704832227275,67.15518129941029,-12.872637225061837,-6.129152416643562,-6.123693666061128
78.83490050205927,-8.935849474889112,67.5572286875029,-12.776512311405975,-6.204623878321638,-6.155787776183357
79.22150324203552,-8.974994114905865,67.95921777423469,-12.678994664138079,-6.242206618980574,-6.16806418463834
79.61332748800022,-9.014138753486716,68.31743062788189,-12.498775388237721,-6.3024926084189055,-6.16806418463834
80.00515166280121,-9.057709623129416,68.71283438078862,-12.403573087705634,-6.337055462730033,-6.51414837303725
80.39483715037836,-9.102446413437432,69.10976684709185,-12.367714531909554,-6.402055125236124,-6.51414837303725
80.77926849403721,-9.1471832133671,69.49998624935381,-12.338679028443254,-6.436575730256286,-6.51414837303725
81.16369970216745,-9.187518556154677,69.9633597021789,-12.338679028443254,-6.558749703730489,-6.5833233565271225
81.5460250192442,-9.226663172893554,70.38803399526931,-11.5518979360673,-6.605644697737116,-6.624155432201521
81.92306344716029,-9.265807805494807,70.73989210379733,-11.5518979360673,-6.636685901481421,-6.624155432201521
82.29431591483566,-9.304952441217774,71.14223854797552,-11.523376938904436,-6.683828620433109,-6.694145985811137
82.66396143483848,-9.345665220868725,71.46171458019846,-11.513401451783569,-6.695910514099949,-6.694145985811137
83.03360696312552,-9.39040201508634,71.86804319183572,-11.387701177186154,-6.809572477695781,-6.828901328878549
83.39749924744913,-9.426435159733902,72.27607156319293,-11.259872594896466,-6.9265320602670775,-6.886983812316023
83.75975179782873,-9.463074299469708,72.55853419730883,-11.202701102722163,-6.858541193324422,-6.886983812316023
84.12200443815655,-9.50781109348114,72.89008987586809,-11.202701102722163,-6.871179157278622,-6.886983812316023
84.48425707662047,-9.548220867854477,73.28156892478431,-11.202701102722163,-6.916315385006346,-6.918206311732807
84.84650973788675,-9.587365495149388,73.64740897992178,-10.580996304303541,-6.946133014096689,-6.918206311732807
85.20876246178493,-9.626510125581795,73.9973733724162,-10.580996304303541,-7.013505927802815,-6.951396713027144
85.56532749517017,-9.665654746271416,74.41011134294143,-10.580996304303541,-7.045875175434329,-6.9725665238263925
85.92413659750947,-9.704799356211495,74.80680702018797,-10.33795646998898,-7.088779072874931,-7.000585967485178
86.29378206119925,-9.743943944672468,75.17332011374633,-10.31673739336354,-7.121048636564401,-7.0252788666581125
86.69735625542918,-9.778811087075855,75.5685538076535,-10.29343340681083,-7.151382666367181,-7.035217121398922
87.12301084732924,-9.813832357365996,75.9592086072107,-9.982982129826741,-7.189101267988136,-7.035217121398922
87.58137143770017,-9.852976830562987,76.2827644965675,-9.982982129826741,-7.206208566501841,-7.035217121398922
88.07346395974541,-9.896373842945172,76.60525035591117,-9.904522823281011,-7.1760909135862985,-7.325245750519792
88.59145514697349,-9.945442712978306,76.87894502112617,-9.74674250122832,-7.176025079460322,-7.325245750519792
89.1533166934622,-10.00695567206374,77.33007661896572,-9.74674250122832,-7.209920866858779,-7.325245750519792
89.74871340309585,-10.0726963572216,77.73690346538793,-9.34837267326918,-7.26962467791787,-7.325245750519792
90.36806678303932,-10.142639974229509,78.22338087307098,-9.334709451792088,-7.406767629112842,-7.436989772041055
91.02603611197064,-10.220929222212106,78.6402947862618,-9.253495535647572,-7.480341384628634,-7.436989772041055
91.717343941662,-10.299218418469456,79.22308252056551,-9.253495535647572,-7.607602082889462,-7.436989772041055
92.43073218748138,-10.37890207288152,79.7798138160285,-8.578947712506592,-7.725611025067539,-7.7886844707542355
93.17741672124458,-10.4627833281447,80.48781911499675,-8.578947712506592,-7.888904836289154,-7.806134457029224
93.93514842712348,-10.546664543945756,81.20962831228461,-8.5153675916959,-7.977305733862232,-7.829956368230384
94.70205100900702,-10.63328510880473,81.95302737499914,-8.00244708015828,-8.0775406924501,-7.829956368230384
95.4857001483427,-10.728350564517092,82.66046257445397,-7.930471466999132,-8.246121168254735,-8.814800599961078
96.27484024612606,-10.810955927557666,83.27251956375518,-7.7059166837934105,-8.598480182639058,-8.866544818646297
97.06588244151531,-10.889244897530991,83.89362965700353,-7.495882568928271,-8.997752528960216,-8.997492482412296
97.85692444629848,-10.967533826949998,84.37336443009923,-7.346260129879963,-9.263002217975831,-9.0980269918496
98.64796650010608,-11.041694191522629,85.27388019897866,-7.081596805380985,-9.086190276708376,-9.0980269918496
99.43726344698902,-11.11439095423829,86.23961340230534,-6.785600976133934,-8.979202443851086,-9.0980269918496
100.2209127499831,-11.18708772006015,86.93197569685049,-6.5441493073349095,-9.14446055652986,-9.0980269918496
100.99913689866491,-11.263888227134968,87.74216879266274,-6.197073431135038,-9.140520517299011,-9.0980269918496
101.77368104746776,-11.34217713868039,88.2579567086783,-6.197073431135038,-9.411310252561943,-9.0980269918496
102.5425447670278,-11.420466053235836,88.95232747525543,-5.779231921720321,-9.655327487001417,-9.910025330738987
103.30601616126177,-11.502833904450348,89.5578567765874,-5.739803921589022,-9.839054595269142,-9.910025330738987
104.064127964047,-11.585444507466306,90.62532863312886,-5.29036907646823,-9.850088113955124,-9.910025330738987
104.81081307858382,-11.6637334226425,91.4403433029029,-5.29036907646823,-9.944095312958758,-9.910025330738987
105.54677919681542,-11.750130620823777,92.17499082087596,-4.722568841228038,-9.961602947465575,-9.910025330738987
106.2786787950338,-11.838358200528486,92.90105929906952,-4.563704797681991,-10.071116937808997,-10.01835363400414
107.010578227025,-11.92223924950511,93.51879697382532,-4.563704797681991,-10.1072296057732,-10.01835363400414
107.72649709190038,-12.006120299488405,94.12848547693288,-3.947750127454152,-10.251723335377694,-10.01835363400414
108.43621771445925,-12.090001347338106,94.93120773471084,-3.947750127454152,-10.245699269861255,-10.01835363400414
109.14593842703307,-12.173882386150314,95.54567314206788,-3.9358175989610786,-10.275243349280636,-10.01835363400414
109.85036501893138,-12.257763407107932,96.1679375185183,-3.3288340244486165,-10.38461952608382,-10.64533330856083
110.55269276803423,-12.340448385462322,96.92112572204054,-3.30530275758019,-10.390352618135086,-10.64533330856083
111.25502075687348,-12.418737268799624,97.64929716626128,-3.2215617579695452,-10.559286741908554,-10.64533330856083
111.9626098606412,-12.50100581609366,98.23710809224194,-3.2215617579695452,-10.628312975035051,-10.64533330856083
112.67387903486762,-12.584886781964183,99.0681424506036,-2.400203394847938,-10.835156393865944,-10.64533330856083
113.3909929719772,-12.66876774434275,99.7176739608559,-2.400203394847938,-10.914793443040873,-10.928989587989555
114.11333530540534,-12.752648673945467,100.47267177697168,-2.3758184820471655,-11.031808096041424,-10.928989587989555
114.83935767623264,-12.836529582002573,101.24405208194564,-1.5591169220607917,-11.056467661301484,-10.928989587989555
115.57125736506406,-12.92041045912526,101.83175419415954,-1.5591169220607917,-11.15074657955491,-11.244831729317372
116.30315692740696,-13.00429130450882,102.51206712193526,-1.4909982099343309,-11.264652979181172,-11.274749827461063
117.03357369689006,-13.087050524161205,103.30358403017394,-1.3673960760585855,-11.304731100274427,-11.274749827461063
117.758080590506,-13.165339241673651,104.12029526248324,-0.8709152656175144,-11.31124453040913,-11.274749827461063
118.47742455486365,-13.251438505430354,104.85637933059544,-0.8333587614012896,-11.480194583138957,-11.323163055922196
119.19308839549902,-13.339814655814012,105.68936344982326,-0.4770794786016819,-11.52467644915625,-11.323163055922196
119.90280918811192,-13.423695456373276,106.40482278504128,-0.24579753835060486,-11.607458347880954,-11.6471311611252
120.60227000481164,-13.511456748924225,107.24658145997527,0.08961589777975505,-11.702206737342376,-11.6471311611252
121.29720517706724,-13.600929704369424,107.98900253300056,0.2868858488298202,-11.752897089442772,-11.776956025562422
121.9921403019579,-13.690402633773084,108.80318321400448,0.5524470943803302,-11.915115293327904,-11.929744910540759
122.68197816708232,-13.7760198914201,109.65304185992385,0.7911972011542938,-11.97427123754535,-11.975008734587924
123.36675155869656,-13.860947875402363,110.35201376964604,0.9900174083924246,-12.136419246383513,-12.035796618197837
124.03950793562792,-13.950420796999158,110.85276080671744,1.207280046534415,-12.205072973975456,-12.035796618197837
124.70719974912764,-14.036062844844908,110.91905918176226,1.207280046534415,-12.251122231809129,-12.035796618197837
125.37121146109416,-14.11994361045505,111.66069615447408,1.4840301213312135,-12.044352320560131,-12.02786668256904
126.02918187461844,-14.203824368447233,112.47550631318444,1.627025439894336,-12.041203125915963,-12.203345299312124
126.68212046964048,-14.28770510559905,113.46069506253752,2.102029579039565,-12.115583742516398,-12.203345299312124
127.33269780372864,-14.37258341502949,114.4159313715088,2.1624780250279385,-12.216278234216391,-12.203345299312124
127.9832753191376,-14.462056272022274,115.2888174415424,2.6781443760139547,-12.245949089696564,-12.203345299312124
128.62885385643395,-14.547747870891836,116.21595778247324,3.0500544447019213,-12.465560003568012,-12.43189648383435
129.2707522854396,-14.631628575053057,117.303284476362,3.1286287228200353,-12.557380259669266,-12.648248976664814
129.9065438122583,-14.71550927141335,118.34013225693042,3.767775062331042,-12.538471387342032,-12.648248976664814
130.54233536061548,-14.80690282393614,119.3367633149846,3.8261914911287676,-12.669493882423817,-12.648248976664814
131.1743671987576,-14.901019787219235,120.4140671558095,4.159901502241588,-12.847101486920431,-12.91971346063692
131.78797991902866,-14.99049260246834,121.62387817588348,4.8445324327456945,-13.034489491989074,-12.975656434631487
132.38679277363485,-15.076233809294298,122.7128875272649,5.058716949944714,-13.12913145303295,-13.255486707092507
132.97578584447862,-15.161037684490893,123.75999814814982,5.1435934435981,-13.341587958021323,-13.364997757457454
133.5524336957388,-15.250510501018232,124.74683306725606,5.837500881156879,-13.57795068777157,-13.364997757457454
134.109479731776,-15.33256972799094,125.8299810699832,6.091973106057186,-13.726767705684097,-13.364997757457454
134.65299322082294,-15.410858371786023,126.78733764022184,6.34755831163788,-13.845996016243545,-13.782196148247206
135.17789065957896,-15.4891470137792,127.8779984772662,6.623346093256133,-14.112866305735627,-14.330749018738603
135.68818495058045,-15.567435672754875,128.80558273312656,6.872710198505323,-14.19956708616458,-14.330749018738603
136.18628419171185,-15.643977252787517,129.66653571711754,7.406992072275238,-14.254244366103231,-14.330749018738603
136.65943115827218,-15.711081723923044,130.49863501683944,7.422111657253582,-14.377079056807563,-14.330749018738603
137.1180733814522,-15.774529012806196,131.08971131169378,7.828456680202402,-14.363917461986686,-14.330749018738603
137.5656753859888,-15.836041399127804,132.2056377092645,8.143264042883498,-14.663726328247208,-14.360781813536272
137.9944646336626,-15.897553796639274,132.88166564564978,8.290899261727313,-14.660465970312844,-14.360781813536272
138.3992433601286,-15.962698644648569,133.61007534611562,8.547675368968472,-14.742518333082774,-14.857075398804264
138.7899788612668,-16.029803245226386,134.36117104350816,8.786519330444062,-14.9068931235353,-14.857075398804264
139.17441073064057,-16.096907852903637,134.6864208989521,8.8058192628696,-14.591140088317708,-14.857075398804264
139.54453455844626,-16.16401247664137,135.53308334502628,8.904008652650223,-14.579629631594234,-14.857075398804264
139.90573105878178,-16.230317979082333,135.09029954743212,8.904008652650223,-15.064094565389857,-14.929469307717346
140.2605909070712,-16.291830472640758,133.67362599450374,8.669706490155798,-15.386740329421215,-15.540367720585538
140.61071419758684,-16.356925750019215,133.46616247250634,8.669706490155798,-15.850595341094,-15.856950242767203
140.95920476119613,-16.424030360655294,133.74813208173072,8.669706490155798,-15.856763611004084,-15.856950242767203
141.3140646343574,-16.491134955890264,134.16771401752325,8.76028405338061,-16.00772105571929,-15.958073380350834
141.65481320660297,-16.554681588963298,135.13159449174185,9.024618657316218,-16.03454957739669,-15.958073380350834
141.98848504398566,-16.616943599210217,135.88317827534004,9.257759329320757,-16.172716971267732,-15.958073380350834
142.32855895905115,-16.684048194194567,136.8069026171799,9.529255856010172,-16.05832845049521,-15.958073380350834
142.6639620981206,-16.744086475584396,137.3580712920396,9.815704621251465,-15.988481348880091,-15.958073380350834
142.9966433250701,-16.80073157815269,137.5456057273036,9.815704621251465,-15.656114865953562,-15.958073380350834
143.32932438003542,-16.862244062634378,138.2444338212903,9.901763547965063,-15.819885880265003,-15.958073380350834
143.66200556698055,-16.923756557148803,139.17296839562908,10.342851723403248,-16.010594968770693,-15.982253695377675
143.99468686644084,-16.984569160227057,140.04505525966124,10.750672501516751,-16.046756751827765,-16.009243296218273
144.3273684044458,-17.04048956910883,140.49379042161735,10.750672501516751,-15.917644139675268,-16.009243296218273
144.65544455854135,-17.09640997942185,141.1929753213608,11.001988854618114,-15.967918989685844,-16.009243296218273
144.9807331184824,-17.1523303895236,141.81958440917143,11.063669165395082,-16.141804002500773,-16.08089457932935
145.30602166636234,-17.208250791776695,142.49843379344094,11.529312179836026,-16.3439001813314,-16.118802044938164
145.63131022534805,-17.26071244362219,143.0889939634388,11.572543589248987,-16.33167796808089,-16.118802044938164
145.9548794098923,-17.31104073136097,143.62403773963217,11.725073152383677,-16.56593974986213,-16.521137875168193
146.26538223361365,-17.361369053182145,143.9370330608095,11.725073152383677,-16.691959409631934,-16.69644310823083
146.58042473180234,-17.408263410228106,144.54967382534534,12.24492227413288,-16.85101704417375,-17.126309120050724
146.89749345241617,-17.453625062339704,144.97689477479975,12.24492227413288,-16.883653805951102,-17.126309120050724
147.20799627911603,-17.503953372017662,145.2309303705297,12.259910975584392,-17.13175744529949,-17.16513914611658
147.51399208664458,-17.554281682144484,145.81418541459428,12.493208341533938,-17.25445715967415,-17.29980225027282
147.81710192967213,-17.604609995009746,146.67404811146895,12.561310054352012,-17.35913715422245,-17.368356775922088
148.1202119969382,-17.654938328242313,147.45320471762258,13.117240618326786,-17.455467751967063,-17.47683966581189
148.4188478707068,-17.70188233955357,148.19535883379757,13.337763868016228,-17.55376121274863,-17.509733631728576
148.71380367273855,-17.746618570106968,149.08346172973123,13.337763868016228,-17.71897335414413,-17.822779990479415
149.00212792547623,-17.79135481829373,149.7258223349563,13.771319017772326,-17.762025957070243,-17.822779990479415
149.290452209521,-17.832731547885153,150.36482597066262,13.771319017772326,-17.757785046845477,-17.822779990479415
149.5780479705044,-17.87187568401485,150.8761857694635,14.20582770466265,-17.796215250173606,-17.822779990479415
149.85897907778843,-17.911019801938867,151.53414540483726,14.522393514868705,-17.884297038966082,-17.894313428841105
150.13550177650512,-17.950163948512895,152.08850942192112,14.522393514868705,-17.96658832232755,-17.894313428841105
150.40973595353452,-17.98930811019981,152.67527918134311,14.579860472786901,-18.023220618976897,-17.894313428841105
150.69066715880842,-18.028452230672496,153.39271588635648,14.931020693239654,-18.103698927680693,-18.16984062976864
150.96284689351214,-18.064286476046444,154.0867325525697,15.196312497633183,-18.193927258876577,-18.16984062976864
151.22899239675277,-18.09833998132333,154.84000516073553,15.35392673640806,-18.26128715986736,-18.1846065322191
151.49513762674667,-18.137484113574263,155.49530948121432,15.526723810047859,-18.33125714835863,-18.455712847071194
151.75259680644737,-18.17662825590269,156.25640331293164,15.869920736825867,-18.387399931042797,-18.455712847071194
152.00458621888023,-18.215772405027305,156.71286803847687,15.869920736825867,-18.35864611164677,-18.455712847071194
152.26333856376098,-18.25491655113745,157.3411659787627,16.303112124801483,-18.35719284022229,-18.455712847071194
152.5134703923925,-18.294060700716344,158.23238005149594,16.303112124801483,-18.47535390376554,-18.497573750573537
152.75803403256333,-18.333204853150743,158.8657014580609,16.800272431776545,-18.584264746264605,-18.57282740383063
153.00939346071428,-18.372349009846804,159.49929885004113,17.01926093268981,-18.65190279314701,-18.57282740383063
153.25647541722455,-18.411493165994703,159.90723110626288,17.01926093268981,-18.814262303262367,-18.822882754326347
153.49987726472895,-18.450637323590897,160.21142894131896,17.01926093268981,-18.930814529631828,-19.014353002765457
153.73645080980168,-18.48978150353414,160.88926524749382,17.508068872882497,-18.986970062441173,-19.014353002765457
153.97726891271594,-18.528925665375297,161.48482976828316,17.513913099958504,-19.118660895537648,-19.100875460324946
154.22017181417658,-18.567667596780968,162.06491212940986,17.513913099958504,-19.15645284366485,-19.100875460324946
154.44935250848678,-18.60121968845682,162.55292885668962,17.981401442879754,-19.256884401269826,-19.25726259867969
154.68274495690906,-18.63477176107513,163.06372368941263,17.981401442879754,-19.30673118261172,-19.25726259867969
154.91832055349568,-18.66794640547778,163.45028946883926,18.304195841750985,-19.344597526486144,-19.41566653753985
155.14010797611107,-18.695906360314165,164.01261922474404,18.315483100106356,-19.322721967332964,-19.41566653753985
155.370253600119,-18.723866313163423,164.6272726866867,18.539489992766264,-19.494501304090186,-19.486573863657856
155.60729331054108,-18.752178868883675,165.15115403227006,18.761574393164533,-19.6288509733955,-19.629743894956178
155.85125956751054,-18.78573087791285,165.76008988853098,19.019138769103233,-19.70330387583066,-19.68867354556354
156.0993720244598,-18.81928287180283,166.36524783379528,19.09985460981022,-19.790192252069097,-19.801664570992664
156.35203126387944,-18.85250705079856,167.06896857035247,19.29014847172122,-19.852162900843865,-19.845859433356186
156.62556935936797,-18.88046689017091,167.75461809877714,19.47546548000689,-19.96888287655308,-19.90138654776118
156.8991073805249,-18.91153816942414,168.3211291964301,19.771055460293653,-19.985179420567533,-20.032768978272557
157.17264532537524,-18.94539308751732,168.89687786495958,19.87965280285831,-20.10923279323931,-20.088215034297967
157.44618297269574,-18.98453707666392,169.47649141638885,20.198592894696393,-20.238095896003,-20.200705243604663
157.72788196822094,-19.02059440963169,169.99796372800927,20.198592894696393,-20.198638022824888,-20.200705243604663
158.01583784102127,-19.05442445878399,170.67244046874387,20.537431523803978,-20.29215389280192,-20.270779124654954
158.2967684855595,-19.093568429585595,171.30429778894316,20.72273926518391,-20.37452018546912,-20.270779124654954
158.5736512960693,-19.13271240855209,171.80937567689233,20.866697009881378,-20.31709301571819,-20.270779124654954
158.84651908944002,-19.17185639842037,172.21760898264446,21.038811338628886,-20.30057722224898,-20.270779124654954
159.10527146086113,-19.21100047582168,172.66250073569734,21.182596480834817,-20.2429606588162,-20.270779124654954
159.3278881962529,-19.247107581904707,173.2147594950719,21.319468871791518,-20.18588302838229,-20.270779124654954
159.517384130104,-19.28043109512369,173.7738110271911,21.501796066474714,-20.348740210165776,-20.343296101092957
159.64306334410313,-19.30839123397341,174.3318852552996,21.669890185455678,-20.4646758228059,-20.450958622930607
159.7368847193867,-19.33032702364868,174.86058845079236,21.85886583514543,-20.53502405041916,-20.516015476612058
159.80261262504146,-19.34669560070231,175.2422646961307,21.968999746983908,-20.58811272873254,-20.568708421106933
159.8469697639924,-19.352287541705817,175.52333535150083,22.071509985278563,-20.601157903829836,-20.576568813964244
159.87947860851716,-19.336967605952253,175.74050917632655,22.13298450483281,-20.65944511947973,-20.620708108516535
159.9021302639258,-19.301267354955712,175.87728307797025,22.176625885126363,-20.699060798291185,-20.64541702239823
159.93909427224585,-19.200609330584044,175.97427915565106,22.200454580049513,-20.72905268692971,-20.64541702239823
159.97605822453602,-19.064399983088247,176.0147548776997,22.207912081268436,-20.72634164575953,-20.64541702239823
160.01322592528314,-18.894786850475647,176.05056312159854,22.21248182011754,-20.651897061683837,-20.64541702239823
160.0575827827574,-18.6599183268656,176.11251286023838,22.21248182011754,-20.535283110710463,-20.39031475490092
160.10582337020824,-18.395671748352463,176.10012075930038,22.21248182011754,-20.26291231823346,-20.194029414511316
160.1575728977064,-18.103329969435173,176.11850601601046,22.21248182011754,-20.008151386147777,-19.827688430697986
160.20932230022845,-17.745435123560657,176.11603935709087,22.21248182011754,-19.780787896382524,-19.516742809972918
160.26492276036933,-17.352584309997123,176.12545305321552,22.21248182011754,-19.37914462686875,-19.346890811482556
160.32406506646868,-16.926643335456117,176.1037993651395,22.21248182011754,-19.0908032433136,-19.092989144538024
160.38320723323338,-16.45131430110813,176.0519424318732,22.21248182011754,-18.7926009395752,-18.82326339178899
160.44998599008045,-15.94421516675536,175.9718167378728,22.20138075053769,-18.287515987192453,-18.332361900320528
160.52391409458622,-15.40665536405186,175.99826477479934,22.201854193493705,-17.695414342049165,-17.756912821515936
160.5978422083364,-14.819484259668148,175.9163410413724,22.20508360677784,-17.178497808845066,-17.20398481496624
160.67177022756553,-14.203679314777949,175.92479118651727,22.18569034161879,-16.509146506727046,-16.560568542721267
160.74584338992898,-13.560257597520192,175.7390532518401,22.106563578875516,-15.441561784666227,-15.539562151389221
160.8345569968489,-12.88361280819026,175.57812949356617,22.057234251425374,-14.552267824032208,-14.812202215226526
160.9307761784459,-12.178582260315238,175.46076789160264,22.036971904568034,-13.814232478856583,-14.296093214426413
161.03427604834403,-11.445745363543898,175.3303335146296,21.99583662117793,-13.099141854624987,-13.225429135830279
161.13777587332396,-10.662850654568327,175.1816563420836,21.961436091505888,-12.195831590279074,-12.186063981287292
161.23755594377644,-9.857445803431489,174.9685184779058,21.886226494708993,-11.008717342359327,-10.933859075646602
161.33367013528877,-9.029777103372991,174.84581500831044,21.85016505504212,-10.448722603252149,-10.164118326296203
161.43717001225136,-8.163000892634809,174.63982897375345,21.78292234567757,-9.452168943734824,-9.397142487418767
161.54067004098252,-7.285068846413324,174.60169551864024,21.78292234567757,-9.228882597188464,-9.397142487418767
161.6441702222536,-6.39592426414707,174.81914213108857,21.78292234567757,-9.621323994099413,-9.56316039677943
161.76240468258848,-5.484489250195379,174.65694109966782,21.78292234567757,-8.812289020518266,-8.757726755381693
161.8806908052953,-4.559155507844964,174.4892329747622,21.736655900294853,-8.710584724633861,-8.645588116451052
161.99897705847783,-3.619682059718052,174.2235119342217,21.648196944586292,-10.989989017619331,-10.440617966620552
162.1172636891261,-2.663565240598143,173.98224037240345,21.565826097304914,-9.622570158318238,-9.444496833296231
162.24641486237994,-1.7018368459995692,173.99530453229497,21.565826097304914,-8.681558496739896,-8.582027939316307
162.38688033624345,-0.7344029658268891,173.77385160914812,21.516341736247327,-7.42866977779007,-7.648708611816804
162.52734610065454,0.244076861137171,173.5116723085243,21.42390689901056,-6.312870972595565,-6.0932799104179685
162.67140051304176,1.225409411588792,173.17340874998249,21.30982298739925,-4.816567774240173,-4.893742517412059
162.81925907582675,2.2096194910274227,172.70460709157507,21.140885589548013,-3.198814256074982,-3.161644270954745
162.95984938969767,3.199327715359672,172.63643235540454,21.140885589548013,-1.9991966838121265,-2.0658297417436886
163.10387142657763,4.189129817682183,172.50162751401723,21.140885589548013,-0.5939496236436561,-0.6711893499137824
163.25173042610282,5.178931885829805,172.22778519177425,20.99862437763565,0.8672211718314493,0.7809209454299957
163.39235424300236,6.174207311759448,171.9955617252996,20.848397339083792,1.8796081239059996,1.8568052755537199
163.53282097927735,7.1669364893096335,171.6705581103193,20.848397339083792,3.4835218091422533,3.5302247408611054
163.67328755027148,8.156738458201504,171.31893075248703,20.731785874609088,4.703886584028297,4.715703950681207
163.80655113549815,9.141091804365328,171.18504632819077,20.638552470809177,5.530859673458313,5.635816151485375
163.93613488722892,10.120021367745764,171.01328874586204,20.638552470809177,6.833084164675846,6.5541181467747505
164.06181628966297,11.09304696470117,170.75518161293863,20.53884707426527,7.448464942421985,7.482679622702891
164.18749782989596,12.055224973995047,170.80169808115025,20.53884707426527,8.43596480270002,8.577113547854257
164.3062644207342,13.011835681299416,170.5057285707336,20.408306300712468,8.682771815484024,8.599927617821567
164.41716033259686,13.962492814054125,170.3643443897841,20.408306300712468,9.770134599332568,9.671528829748244
164.52091883122958,14.88615510675838,170.2948408598356,20.36474902863142,10.848549527267776,10.687348195717517
164.62442207140836,15.795899148087852,170.21552550014874,20.36474902863142,11.884063961342772,11.725218566934254
164.72792538974542,16.690635220872494,170.21974286371986,20.36474902863142,12.675235212674842,12.951021466843487
164.83142910540573,17.547752193315407,170.5129240404055,20.36474902863142,13.31398075996023,12.982660351399309
164.93493265399118,18.385383599664745,170.14219244699748,20.36474902863142,14.64391379693782,14.643334910092186
165.0384359864959,19.20183018589669,170.35526934289135,20.36474902863142,15.265900018702188,15.644557082560189
165.1348674166742,19.975481960823327,170.2430790139563,20.36474902863142,16.256784524841702,16.528196787325435
165.22761875370105,20.72940544920889,170.05838723785905,20.319638527944317,17.27180786079851,17.26409551779895
165.3163362691934,21.46197050630268,169.66098911730325,20.179496650998427,18.269883214311925,18.26644161945145
165.3980143432769,22.151939175928856,169.46570003463867,20.065113829086744,18.965417224795807,18.955628388812954
165.47933880172948,22.82970303564148,169.43313711332362,20.065113829086744,19.7072289020556,19.699120072733024
165.56066339878282,23.4951628618993,169.40545037218135,20.065113829086744,20.60293011406451,20.609414375187114
165.64198802495517,24.13412398498917,169.2437606494954,20.063830183837133,21.404554087071272,21.399160693241612
165.720018979879,24.756675574497628,169.235411110526,20.063830183837133,22.19652992073883,22.127353205600404
165.7939504131129,25.36062225002065,169.21173667396374,20.063830183837133,22.981789801055893,22.99309262248023
165.86788197918946,25.95401906309994,169.09168031822048,19.918680960118845,23.62653544630569,23.558911308020864
165.94181359428612,26.53691562698612,168.9472348409247,19.918680960118845,24.41337381487349,24.521891169452207
166.01574526138097,27.10730970045396,168.87951135591987,19.918680960118845,25.18150250140615,25.166849511264513
166.089677065749,27.66720353093703,168.7442877975864,19.874281046065274,25.77846448104787,25.5736316992279
166.16360874182718,28.21908836783498,168.73827128084992,19.874281046065274,26.43188646359268,26.618966691261488
166.2375402408391,28.761521879866145,168.62249704163702,19.87004858881274,27.089137935236916,27.077178903573046
166.30456386727553,29.29873010774793,168.57937029391374,19.820573665919078,27.715306044532436,27.66207858741786
166.37749307886494,29.83073781965538,168.537912952078,19.820573665919078,28.26766526472313,28.1517505488303
166.45881798312132,30.35639505127704,168.40844861079668,19.820573665919078,28.761976289474596,28.924727620314975
166.53326735171206,30.876851726814603,168.29746608442284,19.681113249354176,29.34570030704309,29.332559013815462
166.607199117024,31.389740652735963,168.22610662675484,19.681113249354176,29.95509720834181,29.949130700553177
166.68113103172905,31.893029474639224,168.21662340513478,19.681113249354176,30.531157071349416,30.53426987234945
166.75506296269123,32.3963182806108,168.09540634880693,19.669299959906898,31.10565520827672,31.070645505834676
166.82586510660198,32.894872549436926,168.1099450591498,19.669299959906898,31.69296614217616,31.560264593837644
166.8924036166699,33.386977076293,167.96568965488004,19.638578482706603,32.202592982940615,32.236179303535195
166.96575197787283,33.873930700132966,168.024286077282,19.638578482706603,32.77036735685999,32.89378390014014
167.03658674334298,34.353415774730244,167.91552016679367,19.638578482706603,33.285802435939125,33.17214091938973
167.1031252102743,34.82315186714803,167.86520985169793,19.638578482706603,33.86885849892786,33.94224225190541
167.176440888618,35.287761897887314,167.7873495032315,19.520348095832702,34.458511777547685,34.4804798521553
167.25037254205293,35.74727061371472,167.7158979867531,19.520348095832702,34.75275878398436,34.632856405527484
167.3243040047014,36.20023036043259,167.64840181586902,19.520348095832702,35.36211285322682,35.45996566130644
167.39823551824117,36.64298753864388,167.58792914848738,19.520348095832702,35.89193411453398,35.742108492085734
167.47216704152964,37.082470250675534,167.63763585391573,19.520348095832702,36.45653804864463,36.62290188038917
167.54609857180017,37.51865368774332,167.5787094746073,19.505251629084043,37.04920260688688,36.98242423733277
167.61331866823284,37.949760626317286,167.53475547969433,19.505251629084043,37.5527968296362,37.59316604047731
167.68285549680536,38.37354785499775,167.57110146786587,19.505251629084043,38.09816323450461,38.093534521593924
167.75678688035617,38.78736284442184,167.5611267030966,19.505251629084043,38.66994910147895,38.668030808281806
167.81736130611594,39.1961262112627,167.64043034440675,19.505251629084043,39.084834510954266,39.07868148613379
167.87947238730118,39.59986269648973,167.64150307197215,19.505251629084043,39.59919636013498,39.587970355706034
167.94601076043915,39.99690138748345,167.62125887261502,19.505251629084043,40.11900327612948,40.09998190927162
168.0059035868051,40.38388640984624,167.5346823720075,19.503795032000273,40.63881668901909,40.6421553791246
168.0650490591277,40.765304118765535,167.4418974812054,19.4554899671268,41.15173005387657,40.95032204576212
168.12419436313098,41.13997441121738,167.41540526665486,19.4554899671268,41.60483089344848,41.59862987123821
168.17672684268624,41.50964268584098,167.37613019639278,19.4554899671268,42.16281932150613,42.34723039523871
168.22847923566354,41.87214010119189,167.3632416798079,19.4554899671268,42.662763108471566,42.54940210671215
168.28023156614955,42.22444202475997,167.24589911048056,19.36864918162773,43.19867634634827,43.29104480238278
168.32540378605745,42.571766720300765,167.1187367628267,19.36864918162773,43.64426014673192,43.461719853790626
168.37263039725272,42.90980137331725,167.09155247125,19.36864918162773,44.02926406105576,44.20357167874913
168.42438275357742,43.234142821566905,167.0567349232387,19.317001036101043,44.41619814450623,44.22960507467103
168.469587804324,43.55848429123191,167.02529431086157,19.317001036101043,44.62255413766378,44.78917383867834
168.51111276546075,43.87639380307655,167.03570066796067,19.317001036101043,45.07582192037327,44.998246919414655
168.54807918979432,44.183959021283954,167.0113966594384,19.317001036101043,45.503391598107086,45.4477107308405
168.58504582095074,44.48166902405574,166.94276780137707,19.300899293644374,45.83967109676556,45.934360398820246
168.61921070778197,44.77169254276849,166.86827943836934,19.300899293644374,46.38682756727898,46.391495545788
168.64878406155347,45.051297298799774,166.82115610834646,19.243331976394757,46.7381821882549,46.72978323171465
168.6718757779828,45.28187386394572,166.77964888167728,19.243331976394757,46.98663513285963,46.90674931060467
168.69682492194664,45.48042520211982,166.73908390801984,19.23431412506469,47.08993240141174,47.14156925301385
168.7263978545851,45.637003863221466,166.7196536265596,19.230233981866032,47.331949381987954,47.307006864416
168.73662365310986,45.73992433164506,166.6768284305171,19.21680002398364,47.63212873405644,47.640113381177585
168.7412811090712,45.81636385489093,166.63188300622565,19.20114214362101,47.9567000086936,47.93393107149403
168.7412814067661,45.86110065055037,166.60925197174362,19.19347205028618,47.993936471697424,47.97508936489402
168.7348656848556,45.88642466535503,166.5858620268385,19.186428984289247,48.03129468687965,48.033641249886955
168.71936346927205,45.90674847316417,166.56107962997595,19.184409033574774,48.13649117570255,48.11411857857975
168.68979228620296,45.92352506056076,166.55569347239506,19.184409033574774,48.12694083037693,48.11411857857975
168.62192114856146,45.93064504275965,166.5338440718873,19.184409033574774,48.14974429734887,48.143800147984216
168.52929918329897,45.94027772028595,166.47197712281692,19.139812876305644,48.17573375660379,48.16435578772559
168.4036199287106,45.95705487831458,166.3931924543553,19.139812876305644,48.23053385806816,48.21761222946835
168.23348722258845,45.97383234516364,166.2345072779589,19.04225347233451,48.30864908230109,48.22882223810897
168.04023181254354,45.994600279798135,166.00240107518036,19.03029643221413,48.218536476291234,48.22882223810897
167.81844490666666,46.02256230564078,165.6722875918314,18.860285165688353,48.20144227273796,48.22882223810897
167.55875175076272,46.05530337267708,165.29567586684536,18.81224196667541,48.3348364592631,48.2905630590157
167.27958299618814,46.08885784023331,164.81358669339227,18.573075449209618,48.285505776340536,48.2905630590157
166.9764737663778,46.122412417719104,164.3403053099838,18.47321419372152,48.3018652379065,48.2905630590157
166.6482252191989,46.16072124158434,163.71942691540454,18.255904812316682,48.36368392570445,48.34277210769539
166.30268441161292,46.199868296243714,162.97477686443128,18.041535853091663,48.60933970520555,48.48988371341789
165.9330392890992,46.23901550087861,162.272815115354,17.78287146470293,48.591399135892814,48.48988371341789
165.53838549633178,46.287621181013535,161.5389162602942,17.56323046074357,48.546238910429615,48.48988371341789
165.13155067642376,46.33795275303898,160.8166236355392,17.331056798797377,48.20004697368109,48.30163369929877
164.7101548735544,46.388284416652574,159.87141061872157,17.027752933925132,48.51723070084144,48.50495036297867
164.2701014890578,46.43861632036494,158.95587032094943,16.734955007990397,48.641479660266114,48.63106028503259
163.82402084218484,46.4889482622012,158.30670993440705,16.53072708545341,48.86543293991859,48.84434375262728
163.37305356254907,46.53928019003418,157.53521784465286,16.300434759042187,49.16020792713927,49.07796744867418
