onceki_x,translation_x,onceki_y,translation_y,predicted_translation_x,predicted_translation_y
7.40606295602821e-10,4.862970014124596e-12,-2.52145710119162e-10,8.692077211683779e-12,276.10119438388244,12.335119406028992
-0.0073929141498766,-0.0039639900631643,-0.0167766798450729,-0.0041655658182415,275.877223896523,12.007350256635588
-0.0147858292257154,-0.006295290332502,-0.0307696497446026,-0.004277240087963,275.65325340354866,11.733966967883365
-0.0221787444885616,-0.0112055123712974,-0.0419541028624421,-0.0017208754088086,275.42928290490886,11.515454200529206
-0.0295716598605215,-0.014236149093973,-0.053138555879968,-0.0016555314266739,275.2053124029626,11.296941435134917
-0.0369645754225564,-0.0143288268227711,-0.0615641062772754,-0.001675098588243,274.98134189525854,11.132329869920245
-0.0443574911792941,-0.0143118662222923,-0.0671563327895381,-0.0016573810779871,274.75737138165607,11.023073487154736
-0.04442308115754,-0.0143386074002664,-0.0727485594337485,-0.0016212517130983,274.755384314361,10.913817101811302
-0.0444230813129326,-0.0152544096963288,-0.0783407862122883,-0.0011885155535793,274.7553843096535,10.80456071384344
-0.0444230815204307,-0.0164646957605971,-0.0839330131300169,-0.0002611524211978,274.75538430336724,10.695304323156266
-0.0444230814166275,-0.0161813144855743,-0.0784896287943747,0.0001657360744381,274.75538430651216,10.801652748280073
-0.0480047568127368,-0.0189891868502005,-0.075606690672641,0.0057945569171902,274.64687641809314,10.857977253417134
-0.0553976722645614,-0.0210998083932906,-0.0756066909447719,0.0074257628715009,274.4229059137276,10.857977248100452
-0.0482671161959757,-0.0279640898853269,-0.0810996896433243,0.0095165458553107,274.6389281649617,10.750659497822692
-0.0302275592435448,-0.0315798585442966,-0.0893763976816021,0.0104859095363377,275.1854417421139,10.588955893813495
-0.0006558976477906,-0.0389958127813673,-0.1005608504656955,0.0100086846606889,276.081323753166,10.370443132979824
0.0578315280394469,-0.0417700236205401,-0.1117453028252503,0.0100417345447362,277.853217171338,10.151930380440378
0.1310391947059807,-0.037588784007053,-0.1255894289680389,0.0089326317236627,280.0710645325779,9.881455080201023
0.2197541807726273,-0.0183315608365884,-0.1423661068278089,0.0057283730362167,282.7587106044933,9.553685964668663
0.344449895911543,0.0200344176967398,-0.1591427826957552,0.0004266036694771,286.5364032338531,9.225916888050946
0.4945124938361877,0.0756130159461031,-0.1785543248133831,-0.0092973575866273,291.0825928883331,8.846669933189213
0.6719424656386339,0.1486681172573199,-0.2009232252777622,-0.0203079749785142,296.4578850221403,8.409644511235756
0.8995158930020644,0.2505463588831604,-0.2287106983110103,-0.0351299403452821,303.3522875942841,7.8667554163197995
1.1563002386036263,0.3806205643782027,-0.2592818780487084,-0.0520513063340905,311.131643353488,7.2694805191582565
1.4446239429920484,0.5448159949286324,-0.2928352209280894,-0.0722551043258517,319.8664930772703,6.613942538954137
1.789992094810622,0.7417210774143965,-0.3317823256662074,-0.0957081069090721,330.32952077703715,5.8530256173047155
2.168218430376247,0.9740571341075016,-0.3760983868909276,-0.154098625095482,341.78799662365526,4.987214381437982
2.582221699106699,1.243662867089285,-0.4264283882259954,-0.1852800384762851,354.33034497196576,4.0039076648026874
3.053007048208892,1.5398578427921783,-0.4821273367042951,-0.2411998543559244,368.5929228106088,2.915706816493251
3.553232884947164,1.8921985018365035,-0.5431704305837567,-0.2858880277765677,383.7474087073885,1.7230963928163203
4.0855228055725945,2.3144088615531047,-0.6102770743139122,-0.3309878359739512,399.87328526689345,0.41202125352885377
4.674332455528633,2.7510564028355606,-0.6827278503127318,-0.3789550348101977,417.71144331632553,-1.0034632045540517
5.289230471419704,3.229200132354408,-0.7579623215602396,-0.4291260352287764,436.3399559308286,-2.4733332410691222
5.932414112817104,3.7551108481233855,-0.8362533643650656,-0.4870618516657437,455.8253897223995,-4.002920091859218
6.624822957495658,4.306827943081774,-0.91986372459554,-0.5641415177304822,476.8021152348343,-5.636431449182412
7.339672911117345,4.903744047151287,-1.0062577765736662,-0.6303385788392819,498.4587006105754,-7.324328316537319
8.078964465126663,5.535565859802813,-1.095733203237524,-0.7024896405657227,520.8557513145048,-9.072426581559224
8.853252890367733,6.193348061701345,-1.1905031317737769,-0.7814789188764198,544.3130423190385,-10.923964526975798
9.645941618891843,6.888521095631897,-1.2880567475444582,-0.8579298189321127,568.3277758147826,-12.829887894248486
10.459162322696605,7.547282782660644,-1.388716539872586,-0.9216806463858288,592.9645314192853,-14.796497218027659
11.30721594831516,8.334720523606885,-1.494646020371936,-0.9967594160519028,618.6565604295224,-16.86606143224765
12.17041615028644,8.245753622989042,-1.598436757610385,-0.643438830505951,644.8074593358417,-18.893840616509003
13.05017310995503,8.412020548497832,-1.6990964667882962,-0.795295189918739,671.4599499885136,-20.860448315766757
13.943797654148046,9.310388833397472,-1.810245972685928,-1.0277495319000889,698.5325631112044,-23.031997149477682
14.851224185893448,10.00507081563193,-1.92209005203704,-0.8892986353385642,726.02331142474,-25.21711599558456
15.775338659890368,10.37275455894778,-2.0339341039359105,-0.9469913138814036,754.0196257585081,-27.402234305351822
16.713255105751216,10.984006253815814,-2.1405580029149665,-0.9772256054475552,782.4340748078345,-29.4853655042159
17.655343554284098,11.933575248493602,-2.249221373599707,-1.0216196493204648,810.9749158805458,-31.60834224596475
18.60163680731804,12.626774289375293,-2.361065337052186,-0.9966192447346668,839.6431427175065,-33.79345882773819
19.54793005661096,13.560949122526395,-2.4729092594972566,-1.0925682840292923,868.311369441131,-35.978574608342186
20.497378654354627,14.430715436038207,-2.5847531595665187,-1.083801475073325,897.0751883554916,-38.16368995178574
21.451064836258983,15.336210191384174,-2.696597033792856,-1.1963208452619876,925.9673861033365,-40.34880479033125
22.404751020337404,16.061644342974095,-2.8084408675625627,-1.2024553662033468,954.8595839170459,-42.53391883846797
23.36155976677063,16.55986276324487,-2.920284680069996,-0.9965106168974296,983.8463806572647,-44.71903247119964
24.322638903938675,17.68590254033898,-3.0321284680120284,-1.1834731627071295,1012.9625501155874,-46.904145623992406
25.28371802540948,18.27337643140006,-3.143972212354097,-1.3292882334548834,1042.0787190983579,-49.08925792496449
26.24788691946257,18.813693784740515,-3.253478762277853,-1.1877847575558995,1071.2884936320283,-51.228708018333826
27.216359008918165,19.736987395305952,-3.3597302559497435,-1.2040769470369432,1100.6286347106645,-53.304563464562634
28.178061321430377,20.644904185970503,-3.4711025894485243,-1.3379615655153556,1129.7636834456475,-55.48046572309072
29.139140513426064,21.54277234110669,-3.580633866743913,-1.42627297545533,1158.8798545649893,-57.62039891977753
30.10021967713945,22.42849714138233,-3.6868852768619393,-1.5439036673899482,1187.9960248275106,-59.69625273359873
31.06803592944693,23.103325132225137,-3.793136652439386,-1.6380960630767964,1217.3162971307224,-61.77210587259414
32.03650810307676,23.572949018588425,-3.901675566712214,-1.397597539765826,1246.656440759442,-63.89265108597989
33.00498029926824,24.303122384440467,-4.01351910216124,-1.4338569801523704,1275.996585071673,-66.0777593057692
33.97345242702784,25.078022117231384,-4.125362588682574,-1.4657374283414728,1305.3367273107406,-68.26286656964906
34.93893320475491,25.863643066942945,-4.232680557181079,-1.3599084865713915,1334.5862457384192,-70.35955793545497
35.90001246838463,26.602632395257785,-4.333339607182462,-1.2152799776135996,1363.7024190279353,-72.32615275625672
36.85442030674572,27.455086693122094,-4.4390450697222485,-1.4292183830723406,1392.6164795661298,-74.39134028940292
37.80810666991861,28.212640144893147,-4.545296266638615,-1.480359166342598,1421.5086828055573,-76.46718993786314
38.761793052903855,28.893919167826223,-4.651547440632137,-1.5181919124727117,1450.4008866452064,-78.54303913847546
39.7022022395017,29.27099302093569,-4.757798593908463,-1.7256282941240215,1478.890853993607,-80.618887934332
40.63232548455702,30.156074541882877,-4.864049728241612,-1.7866085932905174,1507.069205778409,-82.69473636009216
41.549047234163936,31.10267388451185,-4.970300837245888,-1.943754456743404,1534.8415553960845,-84.77058429099728
42.465769139448,31.99473681455448,-5.071555101942949,-1.9943261336090796,1562.6139097300438,-86.74880793342781
43.37381207377089,32.81138096395652,-5.174402310032758,-2.118052139429357,1590.123332137322,-88.75815321098165
44.26835513858075,33.58279040397394,-5.280653362250748,-2.2317285214822893,1634.3822510978362,-90.83400003244242
45.149752288315405,34.43388914996392,-5.3819323916581805,-2.3298176590396507,1680.5846322427492,-92.81270750768434
46.01806891205542,35.50334795233053,-5.482591235555544,-2.470325585220973,1726.1013390038024,-94.77929830179302
46.86825453776412,36.31655016635168,-5.583250061065125,-2.599108945038813,1770.6676282580233,-96.74588873665617
47.69881956408084,37.031562117770456,-5.688856097485101,-2.661979485514616,1814.2054158751857,-98.80913376297094
48.51268957780498,37.75197342732748,-5.792968392907706,-2.774250332498023,1856.868059596939,-100.84319529004738
49.30373186663701,38.52552342421736,-5.893627194004987,-2.86166471285178,1898.3340858274128,-102.80978524796276
50.0687444363554,39.43389078656634,-5.989363597510762,-2.8891730195028837,1938.4356476913454,-104.68020539691165
50.81903674378839,40.21434324072183,-6.08231630573225,-3.021133431061584,1977.7655810460778,-106.49623996673286
51.55093572237181,40.9713558476301,-6.171790721101456,-3.150151743338545,2019.869826289279,-108.24431847390073
52.25693610929792,41.57145403758123,-6.2563675473233245,-3.248649884198068,2067.5867320215807,-109.8967118593488
52.95097805455416,42.29930440663812,-6.338160681880107,-3.323441502340736,2111.2656134438575,-111.49471973637823
53.63112664623004,43.01164238923655,-6.41645072217322,-3.485879421940224,2146.2996901154715,-113.02428700090807
54.27906581407211,43.725435960737066,-6.489867974715451,-3.5992219121856763,2179.6746772323136,-114.45865369327268
54.91679172656904,44.336365625295386,-6.560501541001268,-3.730183560046236,2212.5235852317273,-115.83863498288886
55.54518989270305,44.99568347220605,-6.627607216631404,-3.73942978161256,2244.892026190187,-117.14969120822391
56.147951703285976,45.34406460279411,-6.6947128910282565,-3.903914377564967,2279.474575021818,-118.4607474094641
56.74677811685613,45.90377801143296,-6.761818560013877,-4.070541828170248,2319.8734112491843,-119.77180350498398
57.345604545136496,46.489769799676274,-6.828924219903113,-4.178304507805546,2360.2722484689507,-121.08285942278619
57.92530210903601,47.139018202902136,-6.891206710037747,-4.216904595367057,2399.3805884063245,-122.2996841645627
58.49662288163884,47.60603240538908,-6.952720184063059,-4.331539669476663,2437.9238019363843,-123.50148449375354
59.05848462183784,48.24442351447309,-7.014233654059343,-4.47205985787239,2475.828877447993,-124.70328474422851
59.607659345458,48.74505633495054,-7.080545476833055,-4.524820167774642,2512.8780443133437,-125.99883131677134
60.15210459211279,49.28400334472707,-7.143671387086054,-4.553941808017666,2549.6081448164978,-127.23213411627358
60.691787602500405,49.83619268684426,-7.19959267193748,-4.554159924311147,2586.016968905195,-128.32467879218584
61.21253850207659,50.33330080015299,-7.255513957063994,-4.593968749422051,2621.148569366515,-129.4172234734725
61.73004268510974,50.8425479920759,-7.311435237652834,-4.616713819830293,2656.061135451718,-130.5097680661058
62.24754685500704,51.384346749431536,-7.367356509778927,-4.675651570572047,2690.9737006507335,-131.60231249340072
62.75877307481954,51.888190082650034,-7.418529025755556,-4.735690016225201,2725.4627343027555,-132.60207957729088
63.27144934828021,52.37480317142118,-7.46885810666456,-4.796295371249098,2760.049593432288,-133.5853683113888
63.78895361784392,52.90529322900781,-7.519187188940193,-4.900450600018481,2794.962165355133,-134.56865707218674
64.29396763176439,53.37129571668172,-7.569516266945688,-4.966216686280156,2829.032102783683,-135.55194574955826
64.79668600631855,53.90172903910266,-7.617929898468966,-4.953099612735898,2862.9471686890415,-136.49781198819826
65.2994044173872,54.49251003280926,-7.662666795651753,-5.246273454242108,2896.862237057789,-137.3718451754497
65.80212274198203,54.92213393482023,-7.712102803313491,-5.279680902738768,2930.7772995927253,-138.33768576928955
66.29984217798936,55.475470166754064,-7.760541220753511,-5.3103952987966245,2964.3551203547713,-139.28403625505376
66.78777469372599,56.00349937197576,-7.805278106706881,-5.326424953986917,2997.2726826842786,-140.15806922291398
67.26952759772587,56.48711433250253,-7.854689300704971,-5.331080148502526,3029.7733477012353,-141.12342502753296
67.7500670863601,56.99374620852891,-7.901286684729499,-5.388542831633718,3062.1921516520774,-142.03380689666736
68.23060661220065,57.43640477118249,-7.940431377843329,-5.413649680684911,3094.6109581129813,-142.7985841396324
68.69885269888087,57.79481105834565,-7.984225588672468,-5.51711151971647,3126.200407978963,-143.65419988602076
69.1646063584801,58.27093441163284,-8.02896245706617,-5.565114736810636,3157.6217103631834,-144.52823251081446
69.63036000330469,58.72698585221763,-8.073699317714182,-5.606620151627064,3189.0430117506567,-145.40226498427907
70.08388582872725,59.216928161392296,-8.118436186531536,-5.673548763455525,3219.6393834719593,-146.27629761734966
70.53485359666114,59.66863464149649,-8.163173047985058,-5.674591170610663,3250.0631800643055,-147.1503301065518
70.98582125255719,60.02555813947778,-8.207909890575964,-5.668399834531451,3280.486969098202,-148.02436222723128
71.4307078288358,60.48840951408413,-8.252646737855157,-5.734952107755364,3310.5005081264508,-148.8983944395068
71.87191435562993,60.94160300886541,-8.297383586652279,-5.778665747736589,3340.2657786864684,-149.77242668143836
72.30809623508793,61.31074344880948,-8.342120436524215,-5.775633900900821,3369.692069702111,-150.6464589443688
72.73822971467143,61.70961510809912,-8.382282187922515,-5.815407514234586,3398.7103153970556,-151.43110664661845
73.1646831020238,62.09370686374,-8.423193457096064,-5.935993238555289,3427.4802897399386,-152.2303978188282
73.58607900955207,62.58036560708184,-8.467930292552046,-6.002300897941106,3455.909069548801,-153.10442980011146
74.00145944671706,63.02626848111522,-8.50811685328545,-5.921750176116714,3483.932025572124,-153.88956220701442
74.41546251092957,63.42851995609835,-8.54726152663414,-5.927179150468337,3511.862059401184,-154.65433906382407
74.82946557757955,63.85825292166052,-8.586406195448838,-5.989343281916609,3539.7920933946843,-155.4191158320523
75.23748578573796,64.22242982276151,-8.625550851972852,-5.944026883066157,3567.318503708774,-156.1838923601552
75.64409585630085,64.55542878743233,-8.661261538311312,-5.9869268337147945,3594.749781416006,-156.88157876589344
76.05070609423012,64.89979205987616,-8.68922187742581,-5.9774971839895255,3622.181070414334,-157.42784517800118
76.4513661834519,65.21263215531152,-8.72168286284901,-5.977542540623471,3649.2109424448804,-158.06204156481894
76.85058332320757,65.5571855218722,-8.755235351026418,-5.934467706974031,3676.143468269842,-158.71756284654973
77.24980064440028,65.89418099941389,-8.788787856325415,-5.986253536571924,3703.076006335153,-159.37308446278814
77.64901776023669,66.27207341232565,-8.822340333983753,-6.062764546981039,3730.0085305464404,-160.02860553900578
78.04823487688957,66.73932677779874,-8.857560181577288,-6.065825777170044,3756.94105481281,-160.71670233572618
78.4474521160233,67.15518129941029,-8.896704832227275,-6.129152416643562,3783.8735873421483,-161.48147874906707
78.83490050205927,67.5572286875029,-8.935849474889112,-6.204623878321638,3810.012153609969,-162.24625500634193
79.22150324203552,67.95921777423469,-8.974994114905865,-6.242206618980574,3836.093669761263,-163.01103121193933
79.61332748800022,68.31743062788189,-9.014138753486716,-6.3024926084189055,3862.5274462011944,-163.77580738948325
80.00515166280121,68.71283438078862,-9.057709623129416,-6.337055462730033,3888.9612178401835,-164.6270596770419
80.39483715037836,69.10976684709185,-9.102446413437432,-6.402055125236124,3915.250706473381,-165.5010907762608
80.77926849403721,69.49998624935381,-9.1471832133671,-6.436575730256286,3941.1857329538393,-166.37512206345974
81.16369970216745,69.9633597021789,-9.187518556154677,-6.558749703730489,3967.1207502910834,-167.16316125338074
81.5460250192442,70.38803399526931,-9.226663172893554,-6.605644697737116,3992.913697162072,-167.92793700419392
81.92306344716029,70.73989210379733,-9.265807805494807,-6.636685901481421,4018.34997277656,-168.69271306491328
82.29431591483566,71.14223854797552,-9.304952441217774,-6.683828620433109,4043.39590812735,-169.45748918662207
82.66396143483848,71.46171458019846,-9.345665220868725,-6.695910514099949,4068.3334334040705,-170.25290243163982
83.03360696312552,71.86804319183572,-9.39040201508634,-6.809572477695781,4093.2709592396723,-171.12693360724134
83.39749924744913,72.27607156319293,-9.426435159733902,-6.9265320602670775,4117.820351961257,-171.83091994170525
83.75975179782873,72.55853419730883,-9.463074299469708,-6.858541193324422,4142.259122737049,-172.5467457163582
84.12200443815655,72.89008987586809,-9.50781109348114,-6.871179157278622,4166.697899581051,-173.42077688793137
84.48425707662047,73.28156892478431,-9.548220867854477,-6.916315385006346,4191.1366762993075,-174.21027026176395
84.84650973788675,73.64740897992178,-9.587365495149388,-6.946133014096689,4215.5754545558875,-174.9750462188123
85.20876246178493,73.9973733724162,-9.626510125581795,-7.013505927802815,4240.014237037825,-175.73982223715856
85.56532749517017,74.41011134294143,-9.665654746271416,-7.045875175434329,4264.069308861153,-176.50459806515812
85.92413659750947,74.80680702018797,-9.704799356211495,-7.088779072874931,4288.275773094875,-177.26937368314182
86.29378206119925,75.17332011374633,-9.743943944672468,-7.121048636564401,4313.213294572529,-178.03414888148427
86.69735625542918,75.5685538076535,-9.778811087075855,-7.151382666367181,4340.439761890635,-178.71535481046647
87.12301084732924,75.9592086072107,-9.813832357365996,-7.189101267988136,4369.155846815941,-179.39957196500484
87.58137143770017,76.2827644965675,-9.852976830562987,-7.206208566501841,4400.078387979541,-180.16434491141314
88.07346395974541,76.60525035591117,-9.896373842945172,-7.1760909135862985,4433.27659827273,-181.01220051692408
88.59145514697349,76.87894502112617,-9.945442712978306,-7.176025079460322,4468.22201929263,-181.97086827375696
89.1533166934622,77.33007661896572,-10.00695567206374,-7.209920866858779,4506.127081735893,-183.17265854247037
89.74871340309585,77.73690346538793,-10.0726963572216,-7.26962467791787,4546.29453864448,-184.45704669182834
90.36806678303932,78.22338087307098,-10.142639974229509,-7.406767629112842,4588.078192798993,-185.82354831243782
91.02603611197064,78.6402947862618,-10.220929222212106,-7.480341384628634,4632.467008254963,-187.3531000974479
91.717343941662,79.22308252056551,-10.299218418469456,-7.607602082889462,4679.104950672854,-188.88265087189205
92.43073218748138,79.7798138160285,-10.37890207288152,-7.725611025067539,4727.232511943178,-190.43944543797602
93.17741672124458,80.48781911499675,-10.4627833281447,-7.888904836289154,4777.606352357406,-192.07824932258106
93.93514842712348,81.20962831228461,-10.546664543945756,-7.977305733862232,4828.725472016107,-193.71705243620713
94.70205100900702,81.95302737499914,-10.63328510880473,-8.0775406924501,4880.463289697104,-195.40937472838294
95.4857001483427,82.66046257445397,-10.728350564517092,-8.246121168254735,4933.330886253163,-197.266686443907
96.27484024612606,83.27251956375518,-10.810955927557666,-8.598480182639058,4986.56892126356,-198.8805629818219
97.06588244151531,83.89362965700353,-10.889244897530991,-8.997752528960216,5039.935278151428,-200.41010933531254
97.85692444629848,84.37336443009923,-10.967533826949998,-9.263002217975831,5093.30162218037,-201.9396548964858
98.64796650010608,85.27388019897866,-11.041694191522629,-9.086190276708376,5146.667969516666,-203.3885399085667
99.43726344698902,86.23961340230534,-11.11439095423829,-8.979202443851086,5199.916586092842,-204.80883025547246
100.2209127499831,86.93197569685049,-11.18708772006015,-9.14446055652986,5252.784193689845,-206.22912066306466
100.99913689866491,87.74216879266274,-11.263888227134968,-9.140520517299011,5305.285802199964,-207.72958663652867
101.77368104746776,88.2579567086783,-11.34217713868039,-9.411310252561943,5357.539145588406,-209.25913184850225
102.5425447670278,88.95232747525543,-11.420466053235836,-9.655327487001417,5409.409268187853,-210.78867711928334
103.30601616126177,89.5578567765874,-11.502833904450348,-9.839054595269142,5460.915606453815,-212.39791334391293
104.064127964047,90.62532863312886,-11.585444507466306,-9.850088113955124,5512.060368723333,-214.01189225621403
104.81081307858382,91.4403433029029,-11.6637334226425,-9.944095312958758,5562.434248318495,-215.5414375391228
105.54677919681542,92.17499082087596,-11.750130620823777,-9.961602947465575,5612.084988508908,-217.2293958744413
106.2786787950338,92.90105929906952,-11.838358200528486,-10.071116937808997,5661.461387634354,-218.95311471836808
107.010578227025,93.51879697382532,-11.92223924950511,-10.1072296057732,5710.837775545559,-220.59191457271388
107.72649709190038,94.12848547693288,-12.006120299488405,-10.251723335377694,5759.136060856239,-222.2307144467271
108.43621771445925,94.93120773471084,-12.090001347338106,-10.245699269861255,5807.016191973035,-223.86951427905595
109.14593842703307,95.54567314206788,-12.173882386150314,-10.275243349280636,5854.896329162542,-225.50831393481752
109.85036501893138,96.1679375185183,-12.257763407107932,-10.38461952608382,5902.419307233329,-227.14711324175067
110.55269276803423,96.92112572204054,-12.340448385462322,-10.390352618135086,5949.8006903369605,-228.7625452390486
111.25502075687348,97.64929716626128,-12.418737268799624,-10.559286741908554,5997.182089614012,-230.29208989991494
111.9626098606412,98.23710809224194,-12.50100581609366,-10.628312975035051,6044.918421331504,-231.89938600514455
112.67387903486762,99.0681424506036,-12.584886781964183,-10.835156393865944,6092.903022932217,-233.53818423583067
113.3909929719772,99.7176739608559,-12.66876774434275,-10.914793443040873,6141.281931819905,-235.17698239829392
114.11333530540534,100.47267177697168,-12.752648673945467,-11.031808096041424,6190.013565840988,-236.81577992040906
114.83935767623264,101.24405208194564,-12.836529582002573,-11.056467661301484,6238.993467514981,-238.45457702158365
115.57125736506406,101.83175419415954,-12.92041045912526,-11.15074657955491,6288.369872753486,-240.0933735183867
116.30315692740696,102.51206712193526,-13.00429130450882,-11.264652979181172,6337.746269458653,-241.7321693950963
117.03357369689006,103.30358403017394,-13.087050524161205,-11.304731100274427,6387.022631989399,-243.34905185861783
117.758080590506,104.12029526248324,-13.165339241673651,-11.31124453040913,6435.900294493108,-244.87859327973266
118.47742455486365,104.85637933059544,-13.251438505430354,-11.480194583138957,6484.429648490656,-246.56073081407715
119.19308839549902,105.68936344982326,-13.339814655814012,-11.52467644915625,6532.710729011646,-248.28735231134448
119.90280918811192,106.40482278504128,-13.423695456373276,-11.607458347880954,6580.590871600859,-249.9261473123134
120.60227000481164,107.24658145997527,-13.511456748924225,-11.702206737342376,6627.778841838918,-251.64075621628376
121.29720517706724,107.98900253300056,-13.600929704369424,-11.752897089442772,6674.661496939605,-253.38880620064114
121.9921403019579,108.80318321400448,-13.690402633773084,-11.915115293327904,6721.544148844894,-255.13685567622022
122.68197816708232,109.65304185992385,-13.7760198914201,-11.97427123754535,6768.082922527983,-256.8095761664052
123.36675155869656,110.35201376964604,-13.860947875402363,-12.136419246383513,6814.2800298595575,-258.46883018716494
124.03950793562792,110.85276080671744,-13.950420796999158,-12.205072973975456,6859.666429117618,-260.21687951021977
124.70719974912764,110.91905918176226,-14.036062844844908,-12.251122231809129,6904.711155957757,-261.8900843311871
125.37121146109416,111.66069615447408,-14.11994361045505,-12.044352320560131,6949.5076108182875,-263.5288786493485
126.02918187461844,112.47550631318444,-14.203824368447233,-12.041203125915963,6993.896499444534,-265.1676728186764
126.68212046964048,113.46069506253752,-14.28770510559905,-12.115583742516398,7037.94592473551,-266.80646658084214
127.33269780372864,114.4159313715088,-14.37258341502949,-12.216278234216391,7081.836051452482,-268.46475010052586
127.9832753191376,115.2888174415424,-14.462056272022274,-12.245949089696564,7125.726190401964,-270.2127981613999
128.62885385643395,116.21595778247324,-14.547747870891836,-12.465560003568012,7169.279081538893,-271.8869710700533
129.2707522854396,117.303284476362,-14.631628575053057,-12.557380259669266,7212.583700240327,-273.5257641876755
129.9065438122583,118.34013225693042,-14.71550927141335,-12.538471387342032,7255.476326859052,-275.1645571528896
130.54233536061548,119.3367633149846,-14.80690282393614,-12.669493882423817,7298.368954930838,-276.9501302041306
131.1743671987576,120.4140671558095,-14.901019787219235,-12.847101486920431,7341.007940354606,-278.7889110443986
131.78797991902866,121.62387817588348,-14.99049260246834,-13.034489491989074,7382.404310373535,-280.53695828971854
132.38679277363485,122.7128875272649,-15.076233809294298,-13.12913145303295,7422.802231867764,-282.2121003983605
132.97578584447862,123.75999814814982,-15.161037684490893,-13.341587958021323,7462.537677848194,-283.8689296823966
133.5524336957388,124.74683306725606,-15.250510501018232,-13.57795068777157,7501.440273952857,-285.61697695268964
134.109479731776,125.8299810699832,-15.33256972799094,-13.726767705684097,7539.020465926692,-287.2201835273723
134.65299322082294,126.78733764022184,-15.410858371786023,-13.845996016243545,7575.687706939767,-288.74972350825715
135.17789065957896,127.8779984772662,-15.4891470137792,-14.112866305735627,7611.099046827139,-290.27926345393774
135.68818495058045,128.80558273312656,-15.567435672754875,-14.19956708616458,7645.525209439143,-291.8088037314088
136.18628419171185,129.66653571711754,-15.643977252787517,-14.254244366103231,7679.128653127396,-293.30421099847615
136.65943115827218,130.49863501683944,-15.711081723923044,-14.377079056807563,7711.048732770487,-294.6152436913732
137.1180733814522,131.08971131169378,-15.774529012806196,-14.363917461986686,7741.990273826998,-295.8548253257102
137.5656753859888,132.2056377092645,-15.836041399127804,-14.663726328247208,7772.187004743574,-297.0566044042289
137.9944646336626,132.88166564564978,-15.897553796639274,-14.660465970312844,7801.11456405004,-298.25838370136603
138.3992433601286,133.61007534611562,-15.962698644648569,-14.742518333082774,7828.422293148576,-299.5311308681159
138.7899788612668,134.36117104350816,-16.029803245226386,-14.9068931235353,7854.782619214671,-300.8421660899513
139.17441073064057,134.6864208989521,-16.096907852903637,-14.591140088317708,7880.71768116162,-302.1532014504897
139.54453455844626,135.53308334502628,-16.16401247664137,-14.579629631594234,7905.687474685293,-303.46423712480475
139.90573105878178,135.09029954743212,-16.230317979082333,-15.064094565389857,7930.055000786819,-304.7596602158161
140.2605909070712,133.67362599450374,-16.291830472640758,-15.386740329421215,7953.995035110357,-305.9614413894406
140.61071419758684,133.46616247250634,-16.356925750019215,-15.850595341094,7977.615525376643,-307.23322008543835
140.95920476119613,133.74813208173072,-16.424030360655294,-15.856763611004084,8001.125866415374,-308.544255503784
141.3140646343574,134.16771401752325,-16.491134955890264,-16.00772105571929,8025.0659024168535,-309.85529062123516
141.65481320660297,135.13159449174185,-16.554681588963298,-16.03454957739669,8048.053942778643,-311.096813161723
141.98848504398566,135.88317827534004,-16.616943599210217,-16.172716971267732,8070.564562895986,-312.3132377840755
142.32855895905115,136.8069026171799,-16.684048194194567,-16.05832845049521,8093.50708862397,-313.6242728966303
142.6639620981206,137.3580712920396,-16.744086475584396,-15.988481348880091,8116.1345081538275,-314.79725210942297
142.9966433250701,137.5456057273036,-16.80073157815269,-15.656114865953562,8138.578298372305,-315.90393814841354
143.32932438003542,138.2444338212903,-16.862244062634378,-15.819885880265003,8161.0220769881535,-317.10571914470427
143.66200556698055,139.17296839562908,-16.923756557148803,-16.010594968770693,8183.465864507804,-318.3075003370064
143.99468686644084,140.04505525966124,-16.984569160227057,-16.046756751827765,8205.909659618103,-319.49560761848306
144.3273684044458,140.49379042161735,-17.04048956910883,-15.917644139675268,8228.353470821425,-320.5881351804111
144.65544455854135,141.1929753213608,-17.09640997942185,-15.967918989685844,8250.486587395879,-321.68066277030186
144.9807331184824,141.81958440917143,-17.1523303895236,-16.141804002500773,8272.431643528837,-322.7731903560648
145.30602166636234,142.49843379344094,-17.208250791776695,-16.3439001813314,8294.37669884811,-323.86571778848725
145.63131022534805,143.0889939634388,-17.26071244362219,-16.33167796808089,8316.321754916615,-324.8906709626791
145.9548794098923,143.62403773963217,-17.31104073136097,-16.56593974986213,8338.150816224537,-325.87394420046087
146.26538223361365,143.9370330608095,-17.361369053182145,-16.691959409631934,8359.098377052504,-326.8572181041169
146.58042473180234,144.54967382534534,-17.408263410228106,-16.85101704417375,8380.352199530216,-327.7734019911111
146.89749345241617,144.97689477479975,-17.453625062339704,-16.883653805951102,8401.742717761586,-328.65964113309053
147.20799627911603,145.2309303705297,-17.503953372017662,-17.13175744529949,8422.690278790495,-329.6429147995022
147.51399208664458,145.81418541459428,-17.554281682144484,-17.25445715967415,8443.333781205336,-330.6261884746835
147.81710192967213,146.67404811146895,-17.604609995009746,-17.35913715422245,8463.782586785515,-331.6094622033661
148.1202119969382,147.45320471762258,-17.654938328242313,-17.455467751967063,8484.231407493577,-332.59273632996866
148.4188478707068,148.19535883379757,-17.70188233955357,-17.55376121274863,8504.378384117515,-333.5098903216972
148.71380367273855,149.08346172973123,-17.746618570106968,-17.71897335414413,8524.277090772002,-334.38391048488467
149.00212792547623,149.7258223349563,-17.79135481829373,-17.762025957070243,8543.728410892109,-335.2579309925785
149.290452209521,150.36482597066262,-17.832731547885153,-17.757785046845477,8563.179733124294,-336.06631595265003
149.5780479705044,150.8761857694635,-17.87187568401485,-17.796215250173606,8582.581906749843,-336.83108231371114
149.85897907778843,151.53414540483726,-17.911019801938867,-17.884297038966082,8601.534460506913,-337.5958483190844
150.13550177650512,152.08850942192112,-17.950163948512895,-17.96658832232755,8620.189608251654,-338.36061488419824
150.40973595353452,152.67527918134311,-17.98930811019981,-18.023220618976897,8638.690364655678,-339.1253817445756
150.69066715880842,153.39271588635648,-18.028452230672496,-18.103698927680693,8657.64292502347,-339.8901477997426
150.96284689351214,154.0867325525697,-18.064286476046444,-18.193927258876577,8676.005081864794,-340.59024820163165
151.22899239675277,154.84000516073553,-18.09833998132333,-18.26128715986736,8693.96014923393,-341.2555579488104
151.49513762674667,155.49530948121432,-18.137484113574263,-18.33125714835863,8711.915198168921,-342.0203242340914
151.75259680644737,156.25640331293164,-18.17662825590269,-18.387399931042797,8729.284257048523,-342.78509071625814
152.00458621888023,156.71286803847687,-18.215772405027305,-18.35864611164677,8746.284307101781,-343.5498573312034
152.26333856376098,157.3411659787627,-18.25491655113745,-18.35719284022229,8763.74060723718,-344.3146238872543
152.5134703923925,158.23238005149594,-18.294060700716344,-18.47535390376554,8780.615338463362,-345.0793905110749
152.75803403256333,158.8657014580609,-18.333204853150743,-18.584264746264605,8797.114421039774,-345.8441571906839
153.00939346071428,159.49929885004113,-18.372349009846804,-18.65190279314701,8814.071970242612,-346.608923953554
153.25647541722455,159.90723110626288,-18.411493165994703,-18.814262303262367,8830.740946876902,-347.37369070571435
153.49987726472895,160.21142894131896,-18.450637323590897,-18.930814529631828,8847.161651027447,-348.1384574861704
153.73645080980168,160.88926524749382,-18.48978150353414,-18.986970062441173,8863.121695017726,-348.90322470322496
153.97726891271594,161.48482976828316,-18.528925665375297,-19.118660895537648,8879.368091101387,-349.6679915666156
154.22017181417658,162.06491212940986,-18.567667596780968,-19.15645284366485,8895.755134680103,-350.424899978221
154.44935250848678,162.55292885668962,-18.60121968845682,-19.256884401269826,8911.216432188196,-351.0804135134261
154.68274495690906,163.06372368941263,-18.63477176107513,-19.30673118261172,8926.961868740169,-351.73592667630044
154.91832055349568,163.45028946883926,-18.66794640547778,-19.344597526486144,8942.85458778195,-352.38406595303024
155.14010797611107,164.01261922474404,-18.695906360314165,-19.322721967332964,8957.817110410353,-352.93032485742407
155.370253600119,164.6272726866867,-18.723866313163423,-19.494501304090186,8973.343505308852,-353.47658372299503
155.60729331054108,165.15115403227006,-18.752178868883675,-19.6288509733955,8989.334998375483,-354.0297314572757
155.85125956751054,165.76008988853098,-18.78573087791285,-19.70330387583066,9005.793779479598,-354.6852433777971
156.0993720244598,166.36524783379528,-18.81928287180283,-19.790192252069097,9022.532277126193,-355.34075500254124
156.35203126387944,167.06896857035247,-18.85250705079856,-19.852162900843865,9039.577515952235,-355.98986204594667
156.62556935936797,167.75461809877714,-18.88046689017091,-19.96888287655308,9058.031312363291,-356.536118694498
156.8991073805249,168.3211291964301,-18.91153816942414,-19.985179420567533,9076.485103759689,-357.1431641300971
157.17264532537524,168.89687786495958,-18.94539308751732,-20.10923279323931,9094.938890008189,-357.8045940420603
157.44618297269574,169.47649141638885,-18.98453707666392,-20.238095896003,9113.39265618433,-358.56935753148485
157.72788196822094,169.99796372800927,-19.02059440963169,-20.198638022824888,9132.397014254953,-359.2738164377171
158.01583784102127,170.67244046874387,-19.05442445878399,-20.29215389280192,9151.823482230227,-359.9347604804978
158.2967684855595,171.30429778894316,-19.093568429585595,-20.37452018546912,9170.776004768912,-360.6995236115127
158.5736512960693,171.80937567689233,-19.13271240855209,-20.31709301571819,9189.455446861773,-361.4642869020467
158.84651908944002,172.21760898264446,-19.17185639842037,-20.30057722224898,9207.864022446116,-362.22905040557083
159.10527146086113,172.66250073569734,-19.21100047582168,-20.2429606588162,9225.320324372015,-362.9938156192444
159.3278881962529,173.2147594950719,-19.247107581904707,-20.18588302838229,9240.338795218924,-363.69924695220493
159.517384130104,173.7738110271911,-19.28043109512369,-20.348740210165776,9253.122825822653,-364.2742724747742
159.64306334410313,174.3318852552996,-19.30839123397341,-20.4646758228059,9261.601566687246,-364.67700091284064
159.7368847193867,174.86058845079236,-19.33032702364868,-20.53502405041916,9267.9310710124,-364.9929566511565
159.80261262504146,175.2422646961307,-19.34669560070231,-20.58811272873254,9272.36529574922,-365.22872413091085
159.8469697639924,175.52333535150083,-19.352287541705817,-20.601157903829836,9275.357776961446,-365.2927850796666
159.87947860851716,175.74050917632655,-19.336967605952253,-20.65944511947973,9277.550932533972,-365.08860536568335
159.9021302639258,175.87728307797025,-19.301267354955712,-20.699060798291185,9279.079089102212,-364.57439095495766
159.93909427224585,175.97427915565106,-19.200609330584044,-20.72905268692971,9281.572804951391,-362.79080185737945
159.97605822453602,176.0147548776997,-19.064399983088247,-20.72634164575953,9284.06651702061,-360.1296541778977
160.01322592528314,176.05056312159854,-18.894786850475647,-20.651897061683837,9286.573974643394,-356.8158904563911
160.0575827827574,176.11251286023838,-18.6599183268656,-20.535283110710463,9289.566436866262,-352.2272198689523
160.10582337020824,176.10012075930038,-18.395671748352463,-20.26291231823346,9292.820908525786,-347.06458468899217
160.1575728977064,176.11850601601046,-18.103329969435173,-20.008151386147777,9296.312105037603,-341.35304828650465
160.20932230022845,176.11603935709087,-17.745435123560657,-19.780787896382524,9299.803293118117,-334.3607892667862
160.26492276036933,176.12545305321552,-17.352584309997123,-19.37914462686875,9303.554286448565,-326.68558892174826
160.32406506646868,176.1037993651395,-16.926643335456117,-19.0908032433136,9307.544224574325,-318.3638998685725
160.38320723323338,176.0519424318732,-16.45131430110813,-18.7926009395752,9311.534153300106,-309.07730698782706
160.44998599008045,175.9718167378728,-15.94421516675536,-18.287515987192453,9316.039271979236,-299.170015678824
160.52391409458622,175.99826477479934,-15.40665536405186,-17.695414342049165,9321.026709605312,-288.6676085544434
160.5978422083364,175.9163410413724,-14.819484259668148,-17.178497808845066,9326.014147855049,-277.1959360839643
160.67177022756553,175.92479118651727,-14.203679314777949,-16.509146506727046,9331.001579728078,-265.1648388778161
160.74584338992898,175.7390532518401,-13.560257597520192,-15.441561784666227,9335.998803443248,-252.59418758781212
160.8345569968489,175.57812949356617,-12.88361280819026,-14.552267824032208,9341.98372060101,-239.37445088057663
160.9307761784459,175.46076789160264,-12.178582260315238,-13.814232478856583,9348.474988973918,-225.60013626168262
161.03427604834403,175.3303335146296,-11.445745363543898,-13.099141854624987,9355.45743697356,-211.28256376658027
161.13777587332396,175.1816563420836,-10.662850654568327,-12.195831590279074,9362.439881942877,-195.98700236516345
161.23755594377644,174.9685184779058,-9.857445803431489,-11.008717342359327,9369.17137980873,-180.25165607615577
161.33367013528877,174.84581500831044,-9.029777103372991,-10.448722603252149,9375.655565198756,-164.08133677697307
161.43717001225136,174.63982897375345,-8.163000892634809,-9.452168943734824,9382.638013674992,-147.1469666750454
161.54067004098252,174.60169551864024,-7.285068846413324,-9.228882597188464,9389.62047239005,-129.99464291388014
161.6441702222536,174.81914213108857,-6.39592426414707,-9.621323994099413,9396.602941395959,-112.62325772392728
161.76240468258848,174.65694109966782,-5.484489250195379,-8.812289020518266,9404.579434234713,-94.81638017133635
161.8806908052953,174.4892329747622,-4.559155507844964,-8.710584724633861,9412.559412390174,-76.73796054394649
161.99897705847783,174.2235119342217,-3.619682059718052,-10.989989017619331,9420.539399347965,-58.38329082133583
162.1172636891261,173.98224037240345,-2.663565240598143,-9.622570158318238,9428.519411770858,-39.70345642455967
162.24641486237994,173.99530453229497,-1.7018368459995692,-8.681558496739896,9437.232382639571,-20.913987620616616
162.38688033624345,173.77385160914812,-0.7344029658268891,-7.42866977779007,9446.708654135982,-2.013049670282434
162.52734610065454,173.5116723085243,0.244076861137171,-6.312870972595565,9456.184945233701,17.10369502321569
162.67140051304176,173.17340874998249,1.225409411588792,-4.816567774240173,9465.90333854766,36.276173912851604
162.81925907582675,172.70460709157507,2.2096194910274227,-3.198814256074982,9475.878372593257,55.50487162834053
162.95984938969767,172.63643235540454,3.199327715359672,-1.9991966838121265,9485.363066214839,74.84098763628967
163.10387142657763,172.50162751401723,4.189129817682183,-0.5939496236436561,9495.079275368602,94.17893775621805
163.25173042610282,172.22778519177425,5.178931885829805,0.8672211718314493,9505.054338878157,113.5168872084652
163.39235424300236,171.9955617252996,6.174207311759448,1.8796081239059996,9514.541292726302,132.96177068270416
163.53282097927735,171.6705581103193,7.1669364893096335,3.4835218091422533,9524.01764938922,152.35690762272242
163.67328755027148,171.31893075248703,8.156738458201504,4.703886584028297,9533.493994901737,171.69485513579127
163.80655113549815,171.18504632819077,9.141091804365328,5.530859673458313,9542.484402860775,190.9263518802771
163.93613488722892,171.01328874586204,10.120021367745764,6.833084164675846,9551.2265569229,210.05188315885792
164.06181628966297,170.75518161293863,11.09304696470117,7.448464942421985,9559.705445426645,229.06206753327555
164.18749782989596,170.80169808115025,12.055224973995047,8.43596480270002,9568.184343226767,247.8603205442137
164.3062644207342,170.5057285707336,13.011835681299416,8.682771815484024,9576.196735372183,266.5498041274823
164.41716033259686,170.3643443897841,13.962492814054125,9.770134599332568,9583.678145143194,285.12297160331235
164.52091883122958,170.2948408598356,14.88615510675838,10.848549527267776,9590.678041103813,303.16873580411794
164.62442207140836,170.21552550014874,15.795899148087852,11.884063961342772,9597.660716473882,320.94257650606374
164.72792538974542,170.21974286371986,16.690635220872494,12.675235212674842,9604.643397116773,338.4232036995311
164.83142910540573,170.5129240404055,17.547752193315407,13.31398075996023,9611.626104564422,355.16885944339464
164.93493265399118,170.14219244699748,18.385383599664745,14.64391379693782,9618.60880074064,371.5338220120346
165.0384359864959,170.35526934289135,19.20183018589669,15.265900018702188,9625.591482339329,387.48489275950277
165.1348674166742,170.2430790139563,19.975481960823327,16.256784524841702,9632.097069712667,402.59987321733445
165.22761875370105,170.05838723785905,20.72940544920889,17.27180786079851,9638.354385671859,417.3294184248389
165.3163362691934,169.66098911730325,21.46197050630268,18.269883214311925,9644.339566515011,431.6416799369552
165.3980143432769,169.46570003463867,22.151939175928856,18.965417224795807,9649.849843055074,445.1217278033285
165.47933880172948,169.43313711332362,22.82970303564148,19.7072289020556,9655.336263499887,458.3633279994274
165.56066339878282,169.40545037218135,23.4951628618993,20.60293011406451,9660.822693295171,471.36454197623596
165.64198802495517,169.2437606494954,24.13412398498917,21.404554087071272,9666.309125054919,483.8480457977496
165.720018979879,169.235411110526,24.756675574497628,22.19652992073883,9671.573354716802,496.0109534706554
165.7939504131129,169.21173667396374,25.36062225002065,22.981789801055893,9676.561016910027,507.81037343446087
165.86788197918946,169.09168031822048,25.95401906309994,23.62653544630569,9681.54868806527,519.4036787484486
165.94181359428612,168.9472348409247,26.53691562698612,24.41337381487349,9686.53636252757,530.7918387160415
166.01574526138097,168.87951135591987,27.10730970045396,25.18150250140615,9691.524040497841,541.9357351732646
166.089677065749,168.7442877975864,27.66720353093703,25.77846448104787,9696.511727729023,552.8744864053867
166.16360874182718,168.73827128084992,28.21908836783498,26.43188646359268,9701.49940630534,563.6567644211996
166.2375402408391,168.62249704163702,28.761521879866145,27.089137935236916,9706.487072936177,574.2543901227647
166.30456386727553,168.57937029391374,29.29873010774793,27.715306044532436,9711.00871133824,584.7499284636281
166.37749307886494,168.537912952078,29.83073781965538,28.26766526472313,9715.928760301387,595.1438633442912
166.45881798312132,168.40844861079668,30.35639505127704,28.761976289474596,9721.415210821619,605.4137276953845
166.53326735171206,168.29746608442284,30.876851726814603,29.34570030704309,9726.437814669362,615.5819878026456
166.607199117024,168.22610662675484,31.389740652735963,29.95509720834181,9731.425499265688,625.6023953601344
166.68113103172905,168.21662340513478,31.893029474639224,30.531157071349416,9736.413193940576,635.4352438770713
166.75506296269123,168.09540634880693,32.3963182806108,31.10565520827672,9741.400889712222,645.2680920827479
166.82586510660198,168.1099450591498,32.894872549436926,31.69296614217616,9746.177439563027,655.0084407443792
166.8924036166699,167.96568965488004,33.386977076293,32.202592982940615,9750.66635038949,664.622779582218
166.96575197787283,168.024286077282,33.873930700132966,32.77036735685999,9755.614676589925,674.1364842575665
167.03658674334298,167.91552016679367,34.353415774730244,33.285802435939125,9760.393427200426,683.5042744795267
167.1031252102743,167.86520985169793,34.82315186714803,33.86885849892786,9764.88233511675,692.6815970002515
167.176440888618,167.7873495032315,35.287761897887314,34.458511777547685,9769.828456422,701.7587706883785
167.25037254205293,167.7158979867531,35.74727061371472,34.75275878398436,9774.81613347073,710.7362790261487
167.3243040047014,167.64840181586902,36.20023036043259,35.36211285322682,9779.803797648363,719.5858389208108
167.39823551824117,167.58792914848738,36.64298753864388,35.89193411453398,9784.791465259295,728.2360693127243
167.47216704152964,167.63763585391573,37.082470250675534,36.45653804864463,9789.779133527907,736.8223258420825
167.54609857180017,167.5787094746073,37.51865368774332,37.04920260688688,9794.766802267553,745.3441238149942
167.61331866823284,167.53475547969433,37.949760626317286,37.5527968296362,9799.301695193835,753.7667412805835
167.68285549680536,167.57110146786587,38.37354785499775,38.09816323450461,9803.992882632485,762.0463521951855
167.75678688035617,167.5611267030966,38.78736284442184,38.66994910147895,9808.980541473928,770.131133592987
167.81736130611594,167.64043034440675,39.1961262112627,39.084834510954266,9813.067095190298,778.1172204888167
167.87947238730118,167.64150307197215,39.59986269648973,39.59919636013498,9817.257316830233,786.0050962516543
167.94601076043915,167.62125887261502,39.99690138748345,40.11900327612948,9821.74621841894,793.762115946907
168.0059035868051,167.5346823720075,40.38388640984624,40.63881668901909,9825.786789156506,801.3227152243297
168.0650490591277,167.4418974812054,40.765304118765535,41.15173005387657,9829.776940886295,808.7745448503041
168.12419436313098,167.41540526665486,41.13997441121738,41.60483089344848,9833.767081260703,816.0945489297579
168.17672684268624,167.37613019639278,41.50964268584098,42.16281932150613,9837.311098341574,823.3168276446825
168.22847923566354,167.3632416798079,41.87214010119189,42.662763108471566,9840.802488168218,830.3990079312367
168.28023156614955,167.24589911048056,42.22444202475997,43.19867634634827,9844.293873778988,837.281996974328
168.32540378605745,167.1187367628267,42.571766720300765,43.64426014673192,9847.3413430835,844.0677449759005
168.37263039725272,167.09155247125,42.90980137331725,44.02926406105576,9850.527408507498,850.6719916667306
168.42438275357742,167.0567349232387,43.234142821566905,44.41619814450623,9854.018795861433,857.0087116366722
168.469587804324,167.02529431086157,43.55848429123191,44.62255413766378,9857.068480044321,863.3454320250096
168.51111276546075,167.03570066796067,43.87639380307655,45.07582192037327,9859.869893051993,869.5564900418364
168.54807918979432,167.0113966594384,44.183959021283954,45.503391598107086,9862.36377189354,875.5654496453405
168.58504582095074,166.94276780137707,44.48166902405574,45.83967109676556,9864.857664688052,881.3818660484742
168.61921070778197,166.86827943836934,44.77169254276849,46.38682756727898,9867.16254242314,887.04811016466
168.64878406155347,166.82115610834646,45.051297298799774,46.7381821882549,9869.15765995409,892.5108009517784
168.6718757779828,166.77964888167728,45.28187386394572,46.98663513285963,9870.71550451321,897.0156187382372
168.69682492194664,166.73908390801984,45.48042520211982,47.08993240141174,9872.398657357118,900.8947536328253
168.7263978545851,166.7196536265596,45.637003863221466,47.331949381987954,9874.393746477017,903.9538604291473
168.73662365310986,166.6768284305171,45.73992433164506,47.63212873405644,9875.08361310704,905.9646370076423
168.7412811090712,166.63188300622565,45.81636385489093,47.9567000086936,9875.397820690996,907.4580503720423
168.7412814067661,166.60925197174362,45.86110065055037,47.993936471697424,9875.397840774493,908.3320815758132
168.7348656848556,166.5858620268385,45.88642466535503,48.03129468687965,9874.965014678533,908.8268416232808
168.71936346927205,166.56107962997595,45.90674847316417,48.13649117570255,9873.919183275093,909.2239116847992
168.68979228620296,166.55569347239506,45.92352506056076,48.12694083037693,9871.924212187001,909.5516790329356
168.62192114856146,166.5338440718873,45.93064504275965,48.14974429734887,9867.345397839455,909.6907834663307
168.52929918329897,166.47197712281692,45.94027772028595,48.17573375660379,9861.096809732951,909.8789789016482
168.4036199287106,166.3931924543553,45.95705487831458,48.23053385806816,9852.618066130071,910.2067573983301
168.23348722258845,166.2345072779589,45.97383234516364,48.30864908230109,9841.140343745434,910.5345419284951
168.04023181254354,166.00240107518036,45.994600279798135,48.218536476291234,9828.102686281543,910.9402889794592
167.81844490666666,165.6722875918314,46.02256230564078,48.20144227273796,9813.140198514053,911.4865883454927
167.55875175076272,165.29567586684536,46.05530337267708,48.3348364592631,9795.620428114842,912.1262567395438
167.27958299618814,164.81358669339227,46.08885784023331,48.285505776340536,9776.786768576318,912.7818166927714
166.9764737663778,164.3403053099838,46.122412417719104,48.3018652379065,9756.338004365825,913.4373787937136
166.6482252191989,163.71942691540454,46.16072124158434,48.36368392570445,9734.193257576364,914.185825501718
166.30268441161292,162.97477686443128,46.199868296243714,48.60933970520555,9710.881916962124,914.950648882643
165.9330392890992,162.272815115354,46.23901550087861,48.591399135892814,9685.944418501353,915.7154751936681
165.53838549633178,161.5389162602942,46.287621181013535,48.546238910429615,9659.31975135371,916.6650935222099
165.13155067642376,160.8166236355392,46.33795275303898,48.20004697368109,9631.873311302634,917.6484309257188
164.7101548735544,159.87141061872157,46.388284416652574,48.51723070084144,9603.444538554413,918.6317701186028
164.2701014890578,158.95587032094943,46.43861632036494,48.641479660266114,9573.757062837387,919.6151140023418
163.82402084218484,158.30670993440705,46.4889482622012,48.86543293991859,9543.662967806113,920.5984586309144
163.37305356254907,157.53521784465286,46.53928019003418,49.16020792713927,9513.239204155994,921.5818029859024
